Название,Тип,Количество,Длительность,Статус,Возростной рейтинг,Реитинг,Оценивают,Рецензий,Комментариев
Стальной алхимик: Братство, TV Сериал, 64, 24 мин, 1, R-17, 9.1, Великолепно, 171, 5628
Врата Штейна, TV Сериал, 24, 24 мин, 1, PG-13, 9.08, Великолепно, 259, 6452
Блич: Тысячелетняя кровавая война, TV Сериал, 13, 24 мин, 1, R-17, 9.07, Великолепно, 28, 11135
Атака титанов: Финал — Заключительная глава, Спешл, 1, 1 час 1 мин, 0, R-17, 9.06, Великолепно, 14, 4671
Гинтама 4, TV Сериал, 51, 24 мин, 1, PG-13, 9.07, Великолепно, 19, 1195
Госпожа Кагуя: в любви как на войне 3, TV Сериал, 13, 23 мин, 1, PG-13, 9.06, Великолепно, 61, 4940
Атака титанов 3. Часть 2, TV Сериал, 10, 23 мин, 1, R-17, 9.06, Великолепно, 54, 2977
Гинтама: Финал, Фильм, 1, 1 час 44 мин, 1, PG-13, 9.05, Великолепно, 9, 526
Гинтама 2, TV Сериал, 51, 24 мин, 1, PG-13, 9.04, Великолепно, 10, 121
Охотник х Охотник (2011), TV Сериал, 148, 23 мин, 1, PG-13, 9.04, Великолепно, 188, 11531
Ребёнок идола, TV Сериал, 6, , 0, PG-13, 9.03, Великолепно, 6, 8026
Гинтама 3, TV Сериал, 13, 24 мин, 1, PG-13, 9.03, Великолепно, 10, 85
Легенда о героях Галактики, OVA, 110, 26 мин, 1, R+, 9.02, Великолепно, 53, 2158
Корзинка фруктов: Финал, TV Сериал, 13, 23 мин, 1, PG-13, 9.0, Великолепно, 29, 637
Гинтама 5, TV Сериал, 12, 24 мин, 1, PG-13, 8.99, Отлично, 18, 490
Мартовский лев 2, TV Сериал, 22, 25 мин, 1, PG-13, 8.94, Отлично, 26, 335
Гинтама, TV Сериал, 201, 24 мин, 1, PG-13, 8.94, Отлично, 93, 1817
Форма голоса, Фильм, 1, 2 часа 10 мин, 1, PG-13, 8.94, Отлично, 365, 2289
Кланнад: Продолжение истории, TV Сериал, 24, 24 мин, 1, PG-13, 8.93, Отлично, 111, 2059
Гинтама: Финальная арка — Ёродзуя навсегда!, Фильм, 1, 1 час 50 мин, 1, PG-13, 8.92, Отлично, 13, 158
Код Гиас: Восставший Лелуш 2, TV Сериал, 25, 24 мин, 1, R-17, 8.91, Отлично, 102, 1303
Вайолет Эвергарден. Фильм, Фильм, 1, 2 часа 20 мин, 1, PG-13, 8.9, Отлично, 69, 697
История финала 2, TV Сериал, 7, 22 мин, 1, R-17, 8.88, Отлично, 34, 901
Гинтама 8, TV Сериал, 14, 24 мин, 1, PG-13, 8.88, Отлично, 18, 311
Монстр, TV Сериал, 74, 24 мин, 1, R+, 8.86, Отлично, 107, 2260
Твоё имя, Фильм, 1, 1 час 46 мин, 1, PG-13, 8.85, Отлично, 313, 2723
Гинтама 7, TV Сериал, 12, 24 мин, 1, PG-13, 8.81, Отлично, 17, 269
Царство 3, TV Сериал, 26, 25 мин, 1, R-17, 8.81, Отлично, 2, 485
Моб Психо 100 2, TV Сериал, 13, 24 мин, 1, PG-13, 8.8, Отлично, 89, 832
Атака титанов: Финал, TV Сериал, 16, 23 мин, 1, R-17, 8.8, Отлично, 69, 15364
Истории ран. Часть 3: Холодная кровь, Фильм, 1, 1 час 23 мин, 1, R-17, 8.79, Отлично, 34, 527
Унесённые призраками, Фильм, 1, 2 часа 4 мин, 1, PG, 8.78, Отлично, 70, 564
Волейбол!! 3, TV Сериал, 10, 24 мин, 1, PG-13, 8.78, Отлично, 36, 411
Цикл историй: Второй сезон, TV Сериал, 26, 25 мин, 1, R-17, 8.77, Отлично, 26, 1742
Первый шаг, TV Сериал, 75, 23 мин, 1, PG-13, 8.76, Отлично, 27, 422
Ковбой Бибоп, TV Сериал, 26, 24 мин, 1, R+, 8.75, Отлично, 138, 1015
Агент времени, ONA, 11, 23 мин, 1, PG-13, 8.74, Отлично, 64, 965
Сёва-Гэнроку: Двойное самоубийство по ракуго 2, TV Сериал, 12, 24 мин, 1, PG-13, 8.73, Отлично, 25, 179
Завтрашний Джо 2, TV Сериал, 47, 24 мин, 1, PG-13, 8.72, Отлично, 12, 169
Восемьдесят шесть. Часть 2, TV Сериал, 12, 23 мин, 1, R-17, 8.71, Отлично, 47, 2115
Бродяга Кэнсин: Воспоминания, OVA, 4, 29 мин, 1, R-17, 8.71, Отлично, 20, 148
Код Гиас: Восставший Лелуш, TV Сериал, 25, 24 мин, 1, R+, 8.7, Отлично, 103, 1819
Сага о Винланде 2, TV Сериал, 19, 25 мин, 0, R-17, 8.7, Отлично, 7, 2804
Крутой учитель Онидзука, TV Сериал, 43, 25 мин, 1, R-17, 8.69, Отлично, 112, 705
Случайное такси, TV Сериал, 13, 23 мин, 1, PG-13, 8.69, Отлично, 47, 882
Ван-Пис, TV Сериал, 1062, 24 мин, 0, PG-13, 8.69, Отлично, 96, 14351
Судьба/Ночь схватки: Прикосновение небес 3, Фильм, 1, 2 часа 2 мин, 1, R-17, 8.68, Отлично, 25, 2492
Принцесса Мононоке, Фильм, 1, 2 часа 13 мин, 1, PG-13, 8.67, Отлично, 48, 207
Вайолет Эвергарден, TV Сериал, 13, 24 мин, 1, PG-13, 8.67, Отлично, 268, 3048
Первый шаг: Новый вызов, TV Сериал, 26, 23 мин, 1, PG-13, 8.66, Отлично, 5, 36
Созданный в Бездне, TV Сериал, 13, 25 мин, 1, R-17, 8.66, Отлично, 199, 1394
Магическая битва, TV Сериал, 24, 23 мин, 1, R-17, 8.64, Отлично, 115, 7839
Волейбол!! 2, TV Сериал, 25, 24 мин, 1, PG-13, 8.63, Отлично, 27, 409
Клинок рассекающий демонов: Деревня кузнецов, TV Сериал, 7, 26 мин, 0, R-17, 8.63, Отлично, 2, 3452
Гуррен-Лаганн пронзающий небеса, TV Сериал, 27, 24 мин, 1, PG-13, 8.63, Отлично, 168, 1811
Созданный в Бездне: Рассвет глубокой души, Фильм, 1, 1 час 45 мин, 1, R-17, 8.63, Отлично, 39, 569
Тетрадь дружбы Нацумэ 6, TV Сериал, 11, 23 мин, 1, PG-13, 8.62, Отлично, 8, 319
Атака титанов 3, TV Сериал, 12, 23 мин, 1, R-17, 8.62, Отлично, 47, 4192
Евангелион 3.0+1.01: Как-то раз, Фильм, 1, 2 часа 35 мин, 1, PG-13, 8.61, Отлично, 72, 2607
Исчезновение Харухи Судзумии, Фильм, 1, 2 часа 41 мин, 1, PG-13, 8.61, Отлично, 60, 574
Магистр дьявольского культа 3, ONA, 12, 24 мин, 1, R-17, 8.6, Отлично, 18, 332
Первый шаг: Восхождение, TV Сериал, 25, 22 мин, 1, PG-13, 8.59, Отлично, 9, 122
Невероятное приключение ДжоДжо: Золотой ветер, TV Сериал, 39, 23 мин, 1, R-17, 8.58, Отлично, 72, 4945
Волчьи дети Амэ и Юки, Фильм, 1, 1 час 57 мин, 1, PG-13, 8.58, Отлично, 58, 233
Тетрадь дружбы Нацумэ 5, TV Сериал, 11, 23 мин, 1, PG-13, 8.57, Отлично, 12, 218
Евангелион нового поколения: Конец Евангелиона, Фильм, 1, 1 час 26 мин, 1, R+, 8.55, Отлично, 41, 730
Рейтинг короля, TV Сериал, 23, 22 мин, 1, /, 8.55, Отлично, 45, 1641
Судьба/Начало 2, TV Сериал, 12, 24 мин, 1, R-17, 8.55, Отлично, 55, 647
Волейбол!! К вершине 2, TV Сериал, 12, 23 мин, 1, PG-13, 8.54, Отлично, 17, 507
Нана, TV Сериал, 47, 23 мин, 1, R+, 8.54, Отлично, 75, 995
Слэм-данк, TV Сериал, 101, 23 мин, 1, PG-13, 8.54, Отлично, 12, 117
Атака титанов, TV Сериал, 25, 24 мин, 1, R-17, 8.53, Отлично, 191, 8799
Девичья опера: Свет ревю. Фильм, Фильм, 1, 2 час, 1, PG-13, 8.54, Отлично, 0, 44
Дальше чем космос, TV Сериал, 13, 23 мин, 1, PG-13, 8.53, Отлично, 42, 279
Врата Штейна 0, TV Сериал, 23, 23 мин, 1, PG-13, 8.53, Отлично, 120, 5688
Гинтама: Сказание о Бэнидзакуре, Фильм, 1, 1 час 35 мин, 1, R-17, 8.52, Отлично, 6, 28
Гинтама 6, TV Сериал, 13, 23 мин, 1, PG-13, 8.52, Отлично, 8, 301
Могила светлячков, Фильм, 1, 1 час 28 мин, 1, PG-13, 8.51, Отлично, 60, 275
Обещанный Неверленд, TV Сериал, 12, 22 мин, 1, R-17, 8.51, Отлично, 169, 1604
Клинок рассекающий демонов, TV Сериал, 26, 23 мин, 1, R-17, 8.51, Отлично, 235, 4049
Самурай Чамплу, TV Сериал, 26, 24 мин, 1, R-17, 8.51, Отлично, 85, 681
Атака титанов 2, TV Сериал, 12, 24 мин, 1, R-17, 8.5, Отлично, 82, 4331
Судьба/Ночь схватки: Прикосновение небес 2, Фильм, 1, 1 час 57 мин, 1, R-17, 8.5, Отлично, 17, 594
Невероятное приключение ДжоДжо: Несокрушимый алмаз, TV Сериал, 39, 23 мин, 1, R-17, 8.5, Отлично, 73, 1909
Моб Психо 100, TV Сериал, 12, 24 мин, 1, PG-13, 8.49, Отлично, 78, 825
Класс убийц 2, TV Сериал, 25, 23 мин, 1, PG-13, 8.49, Отлично, 76, 365
Банановая рыба, TV Сериал, 24, 22 мин, 1, R-17, 8.49, Отлично, 109, 2748
Ария: Происхождение, TV Сериал, 13, 24 мин, 1, G, 8.48, Отлично, 8, 68
Магическая битва 0. Фильм, Фильм, 1, 1 час 44 мин, 1, R-17, 8.48, Отлично, 25, 1083
Радуга: Семеро из шестой камеры второго блока, TV Сериал, 26, 22 мин, 1, R-17, 8.48, Отлично, 95, 572
Яркая Тихая 3, TV Сериал, 24, 22 мин, 1, PG-13, 8.47, Отлично, 5, 333
Гинтама: Полуфинал, Спешл, 2, 24 мин, 1, PG-13, 8.47, Отлично, 3, 71
Мелочи жизни, TV Сериал, 26, 23 мин, 1, PG-13, 8.46, Отлично, 33, 293
Отчёт о буйстве духов, TV Сериал, 112, 24 мин, 1, PG-13, 8.46, Отлично, 19, 583
История финала: Продолжение, Фильм, 6, 28 мин, 1, R-17, 8.45, Отлично, 18, 834
Золотое божество 3, TV Сериал, 12, 23 мин, 1, R-17, 8.45, Отлично, 17, 490
Этот замечательный мир! Багровая легенда, Фильм, 1, 1 час 30 мин, 1, PG-13, 8.45, Отлично, 34, 798
История финала, TV Сериал, 12, 26 мин, 1, R-17, 8.45, Отлично, 29, 571
Врата Штейна: Зона загрузки дежавю, Фильм, 1, 1 час 30 мин, 1, PG-13, 8.45, Отлично, 47, 461
Магистр дьявольского культа, ONA, 15, 25 мин, 1, R-17, 8.44, Отлично, 93, 540
Гинтама: Лучшее из «Гинтамы» на Theater 2D, Фильм, 2, 1 час 36 мин, 1, PG-13, 8.44, Отлично, 2, 31
Волейбол!!, TV Сериал, 25, 24 мин, 1, PG-13, 8.44, Отлично, 76, 620
Необъятный океан, TV Сериал, 12, 24 мин, 1, PG-13, 8.43, Отлично, 121, 706
Мастер муси: Следующая глава — Тернистый путь, Спешл, 1, 47 мин, 1, PG-13, 8.43, Отлично, 3, 16
Как воспитать героиню из обычной девушки: Финал, Фильм, 1, 1 час 54 мин, 1, PG-13, 8.43, Отлично, 19, 371
Призрак в доспехах: Синдром одиночки, TV Сериал, 26, 25 мин, 1, R-17, 8.42, Отлично, 29, 379
Магистр дьявольского культа 2, ONA, 8, 24 мин, 1, R-17, 8.42, Отлично, 24, 393
Ох уж этот экстрасенс Сайки Кусуо!, TV Сериал, 120, 5 мин, 1, PG-13, 8.42, Отлично, 58, 435
Ох уж этот экстрасенс Сайки Кусуо! 2, TV Сериал, 24, 24 мин, 1, PG-13, 8.42, Отлично, 27, 407
Благословение небожителей: Спецвыпуск, ONA, 1, 22 мин, 1, PG-13, 8.42, Отлично, 3, 60
Виви: Песнь флюоритового глаза, TV Сериал, 13, 24 мин, 1, R-17, 8.42, Отлично, 60, 1819
Вайолет Эвергарден: Вечность и призрак пера, Фильм, 1, 1 час 31 мин, 1, PG-13, 8.41, Отлично, 37, 267
Тетрадь дружбы Нацумэ: Эфемерная связь, Фильм, 1, 1 час 44 мин, 1, PG-13, 8.41, Отлично, 20, 126
Атака титанов: Выбор без сожалений, OVA, 2, 27 мин, 1, R-17, 8.41, Отлично, 27, 295
Охотник х Охотник, TV Сериал, 62, 23 мин, 1, PG-13, 8.41, Отлично, 17, 375
Жозе тигр и рыба, Фильм, 1, 1 час 38 мин, 1, PG-13, 8.41, Отлично, 54, 476
Госпожа Кагуя: в любви как на войне, TV Сериал, 12, 25 мин, 1, PG-13, 8.41, Отлично, 167, 1443
Гинтама 4: Любовные благовония, OVA, 2, 26 мин, 1, PG-13, 8.4, Отлично, 2, 81
Граница пустоты 7: Теория убийства — Часть 2, Фильм, 1, 2 часа 1 мин, 1, R-17, 8.4, Отлично, 15, 80
Седьмой киллер 3, ONA, 10, 16 мин, 1, R-17, 8.4, Отлично, 3, 126
Мэйджор 5, TV Сериал, 25, 24 мин, 1, PG-13, 8.4, Отлично, 2, 15
Тетрадь дружбы Нацумэ 6: Спецвыпуски, Спешл, 2, 23 мин, 1, PG-13, 8.4, Отлично, 1, 51
Укрась прощальное утро цветами обещания, Фильм, 1, 1 час 54 мин, 1, PG-13, 8.4, Отлично, 203, 679
Клинок рассекающий демонов: Бесконечный поезд, TV Сериал, 7, 24 мин, 1, R-17, 8.39, Отлично, 11, 527
Яркая Тихая 2, TV Сериал, 25, 22 мин, 1, PG-13, 8.39, Отлично, 21, 221
Страна самоцветов, TV Сериал, 12, 24 мин, 1, PG-13, 8.39, Отлично, 73, 394
Почувствуй ветер, TV Сериал, 23, 23 мин, 1, PG-13, 8.39, Отлично, 55, 390
О моём перерождении в слизь 2, TV Сериал, 12, 23 мин, 1, PG-13, 8.39, Отлично, 24, 1320
Благословение небожителей, ONA, 11, 25 мин, 1, PG-13, 8.38, Отлично, 18, 753
Деревенская глубинка 3, TV Сериал, 12, 24 мин, 1, PG-13, 8.38, Отлично, 7, 355
Мартовский лев, TV Сериал, 22, 25 мин, 1, PG-13, 8.38, Отлично, 39, 512
Баракамон, TV Сериал, 12, 22 мин, 1, PG-13, 8.38, Отлично, 81, 601
Ковбой Бибоп: Достучаться до небес, Фильм, 1, 1 час 55 мин, 1, R-17, 8.38, Отлично, 14, 100
Синяя тюрьма: Блю Лок, TV Сериал, 24, 24 мин, 1, PG-13, 8.37, Отлично, 42, 1321
Моя геройская академия 6, TV Сериал, 25, 23 мин, 1, PG-13, 8.37, Отлично, 19, 824
Истории ран. Часть 1: Железная кровь, Фильм, 1, 1 час 4 мин, 1, R-17, 8.37, Отлично, 30, 864
Созданный в Бездне: Блуждающие сумерки, Фильм, 1, 1 час 45 мин, 1, R-17, 8.37, Отлично, 2, 42
Девочка-волшебница Мадока★Волшебство, TV Сериал, 12, 24 мин, 1, PG-13, 8.36, Отлично, 107, 2137
Для тебя Бессмертный, TV Сериал, 20, 25 мин, 1, R-17, 8.36, Отлично, 63, 1483
Волейбол!! К вершине, TV Сериал, 13, 24 мин, 1, PG-13, 8.36, Отлично, 22, 515
Навсикая из Долины ветров, Фильм, 1, 1 час 57 мин, 1, PG-13, 8.36, Отлично, 24, 204
Брошенный кролик, TV Сериал, 11, 22 мин, 1, PG-13, 8.36, Отлично, 71, 688
Евангелион нового поколения, TV Сериал, 26, 24 мин, 1, PG-13, 8.35, Отлично, 202, 5508
Бакуман 2, TV Сериал, 25, 24 мин, 1, PG-13, 8.35, Отлично, 18, 159
Гинтама: Рождение Белого Демона, Спешл, 1, 10 мин, 1, PG-13, 8.35, Отлично, 2, 42
Хеллсинг OVA, OVA, 10, 49 мин, 1, R+, 8.35, Отлично, 67, 464
Кэйон в кино!, Фильм, 1, 1 час 50 мин, 1, PG-13, 8.35, Отлично, 16, 97
Паразит: Учение о жизни, TV Сериал, 24, 23 мин, 1, R-17, 8.34, Отлично, 160, 2075
Доктор Стоун: Новый мир, TV Сериал, 7, 24 мин, 0, PG-13, 8.34, Отлично, 1, 286
Психопаспорт, TV Сериал, 22, 23 мин, 1, R-17, 8.34, Отлично, 169, 1156
Re:Zero. Жизнь с нуля в альтернативном мире 2, TV Сериал, 13, 27 мин, 1, R-17, 8.34, Отлично, 61, 8160
Восхождение в тени!, TV Сериал, 20, 23 мин, 1, R-17, 8.34, Отлично, 105, 5813
Мобильный воин Гандам: Происхождение, OVA, 6, 1 час 11 мин, 1, R+, 8.33, Отлично, 7, 187
Царство 2, TV Сериал, 39, 25 мин, 1, R-17, 8.33, Отлично, 17, 146
Мэйджор 6, TV Сериал, 25, 24 мин, 1, PG-13, 8.33, Отлично, 8, 13
Тетрадь дружбы Нацумэ: Однажды зимним днём, OVA, 1, 22 мин, 1, PG-13, 8.33, Отлично, 4, 46
Один на вылет, TV Сериал, 25, 23 мин, 1, PG-13, 8.33, Отлично, 36, 200
О моём перерождении в слизь 2. Часть 2, TV Сериал, 12, 23 мин, 1, PG-13, 8.33, Отлично, 23, 717
Истории монстров, TV Сериал, 15, 25 мин, 1, R-17, 8.33, Отлично, 146, 3972
Адский рай, TV Сериал, 8, 24 мин, 0, R-17, 8.32, Отлично, 5, 3662
Судьба/Ночь схватки: Бесконечный мир клинков 2, TV Сериал, 13, 24 мин, 1, R-17, 8.32, Отлично, 54, 1393
Семья шпиона. Часть 2, TV Сериал, 13, 24 мин, 1, PG-13, 8.32, Отлично, 30, 1156
Голубые небеса Ромео, TV Сериал, 33, 23 мин, 1, PG-13, 8.32, Отлично, 7, 47
Заклинательница зверей Эрин, TV Сериал, 50, 25 мин, 1, PG-13, 8.31, Отлично, 12, 88
Дракон-горничная госпожи Кобаяси 2, TV Сериал, 12, 23 мин, 1, PG-13, 8.31, Отлично, 23, 711
Добро пожаловать в NHK, TV Сериал, 24, 24 мин, 1, R+, 8.31, Отлично, 114, 944
Дети на холме, TV Сериал, 12, 22 мин, 1, PG-13, 8.31, Отлично, 72, 278
Город в котором меня нет, TV Сериал, 12, 23 мин, 1, R-17, 8.31, Отлично, 313, 2312
Евангелион 2.22: Ты (не) пройдёшь, Фильм, 1, 1 час 52 мин, 1, R+, 8.31, Отлично, 34, 234
Охотник х Охотник OVA, OVA, 8, 24 мин, 1, PG-13, 8.31, Отлично, 1, 16
Детектив Конан: Призрак с Бейкер-Стрит, Фильм, 1, 1 час 47 мин, 1, PG-13, 8.3, Отлично, 3, 8
Путь аса 2, TV Сериал, 51, 24 мин, 1, PG-13, 8.3, Отлично, 8, 53
Звучи эуфониум! 2, TV Сериал, 13, 23 мин, 1, PG-13, 8.3, Отлично, 13, 640
Путешествие Кино: Прекрасный мир, TV Сериал, 13, 24 мин, 1, R-17, 8.29, Отлично, 33, 197
Мэйджор: Мировая серия, OVA, 2, 28 мин, 1, PG-13, 8.29, Отлично, 0, 48
Врата Штейна: Эгоистичная пориомания, Спешл, 1, 24 мин, 1, PG-13, 8.29, Отлично, 10, 86
Завтрашний Джо, TV Сериал, 79, 25 мин, 1, PG-13, 8.29, Отлично, 14, 348
Бек, TV Сериал, 26, 25 мин, 1, R-17, 8.29, Отлично, 56, 293
Одноклассник, Фильм, 1, 1 ча, 1, PG-13, 8.29, Отлично, 46, 243
Доктор Стоун, TV Сериал, 24, 24 мин, 1, PG-13, 8.29, Отлично, 98, 1134
Гинтама: Сказание о Бэнидзакуре — Дополнение, Спешл, 1, 11 мин, 1, PG-13, 8.29, Отлично, 2, 7
В лес где мерцают светлячки, Фильм, 1, 45 мин, 1, G, 8.29, Отлично, 143, 584
Дитя погоды, Фильм, 1, 1 час 52 мин, 1, PG-13, 8.29, Отлично, 155, 1549
Семёрка идолов 3. Часть 2, TV Сериал, 17, 24 мин, 1, PG-13, 8.29, Отлично, 1, 195
Хроника крыльев: Откровения Токио, OVA, 3, 30 мин, 1, R-17, 8.28, Отлично, 3, 10
Импульс мира 3, TV Сериал, 14, 23 мин, 1, PG-13, 8.28, Отлично, 4, 161
Рамаяна: Легенда о царевиче Раме, Фильм, 1, 2 часа 15 мин, 1, G, 8.28, Отлично, 1, 3
Красная черта, Фильм, 1, 1 час 42 мин, 1, R+, 8.28, Отлично, 45, 183
Белый ящик, TV Сериал, 24, 24 мин, 1, PG-13, 8.28, Отлично, 55, 348
Восемьдесят шесть, TV Сериал, 11, 23 мин, 1, R-17, 8.28, Отлично, 93, 2587
Судьба/Начало, TV Сериал, 13, 28 мин, 1, R-17, 8.28, Отлично, 63, 2101
Инициал Ди: Финальная стадия, TV Сериал, 4, 27 мин, 1, PG-13, 8.28, Отлично, 7, 79
Серебряная ложка 2, TV Сериал, 11, 24 мин, 1, PG-13, 8.27, Отлично, 16, 77
Кайдзи, TV Сериал, 26, 23 мин, 1, R-17, 8.27, Отлично, 53, 275
Доктор Стоун: Рюсуй, Спешл, 1, 54 мин, 1, PG-13, 8.27, Отлично, 5, 107
Однажды в Токио, Фильм, 1, 1 час 31 мин, 1, PG-13, 8.27, Отлично, 22, 94
Лагерь на свежем воздухе, TV Сериал, 12, 23 мин, 1, PG-13, 8.27, Отлично, 51, 277
Золотое божество 4, TV Сериал, 7, 23 мин, 0, R-17, 8.27, Отлично, 1, 555
Патриотизм Мориарти 2, TV Сериал, 13, 23 мин, 1, R-17, 8.27, Отлично, 24, 566
Призрак в доспехах, Фильм, 1, 1 час 22 мин, 1, R+, 8.27, Отлично, 38, 461
Меч чужака, Фильм, 1, 1 час 43 мин, 1, R-17, 8.27, Отлично, 29, 89
Наруто: Ураганные хроники, TV Сериал, 500, 23 мин, 1, PG-13, 8.26, Отлично, 133, 2485
Странники, TV Сериал, 26, 25 мин, 1, PG-13, 8.26, Отлично, 47, 317
Космический Денди 2, TV Сериал, 13, 24 мин, 1, PG-13, 8.26, Отлично, 17, 140
Путь аса: Акт II, TV Сериал, 52, 24 мин, 1, PG-13, 8.26, Отлично, 3, 174
Первый шаг: Путь чемпиона, Спешл, 1, 1 час 30 мин, 1, PG-13, 8.26, Отлично, 1, 12
Охотник х Охотник: Остров Жадности — Финал, OVA, 14, 24 мин, 1, PG-13, 8.26, Отлично, 1, 11
Небесный замок Лапута, Фильм, 1, 2 часа 4 мин, 1, PG, 8.26, Отлично, 16, 85
Мой сосед Тоторо, Фильм, 1, 1 час 26 мин, 1, G, 8.25, Отлично, 36, 208
Тёмный дворецкий: Глава об Атлантике, Фильм, 1, 1 час 40 мин, 1, R-17, 8.25, Отлично, 34, 295
Деревенская глубинка: Каникулы, Фильм, 1, 1 час 11 мин, 1, PG-13, 8.25, Отлично, 5, 135
Граффити Холо, ONA, 150, 1 мин, 0, PG-13, 8.25, Отлично, 0, 414
Ученик чудовища, Фильм, 1, 1 час 59 мин, 1, PG-13, 8.25, Отлично, 52, 209
Кайдзи 2, TV Сериал, 26, 24 мин, 1, R-17, 8.25, Отлично, 27, 148
Ао Аси, TV Сериал, 24, 24 мин, 1, PG-13, 8.24, Отлично, 18, 319
Повседневная жизнь старшеклассников, TV Сериал, 12, 24 мин, 1, PG-13, 8.24, Отлично, 62, 315
Дороро, TV Сериал, 24, 24 мин, 1, R-17, 8.24, Отлично, 129, 1741
Золотое божество 2, TV Сериал, 12, 23 мин, 1, R-17, 8.24, Отлично, 20, 198
Военная хроника маленькой девочки. Фильм, Фильм, 1, 1 час 38 мин, 1, R-17, 8.24, Отлично, 64, 1142
Re:Zero. Жизнь с нуля в альтернативном мире, TV Сериал, 25, 25 мин, 1, R-17, 8.24, Отлично, 295, 8516
Долой безделье!, TV Сериал, 7, 23 мин, 0, PG-13, 8.24, Отлично, 0, 676
Сасаки и Мияно, TV Сериал, 12, 23 мин, 1, PG-13, 8.24, Отлично, 20, 533
Эта фарфоровая кукла влюбилась, TV Сериал, 12, 23 мин, 1, PG-13, 8.24, Отлично, 134, 6014
Котаро который живёт сам по себе, ONA, 10, 27 мин, 1, PG-13, 8.23, Отлично, 9, 36
Мэйджор 3, TV Сериал, 26, 25 мин, 1, PG-13, 8.23, Отлично, 8, 26
Великий притворщик, TV Сериал, 23, 23 мин, 1, R+, 8.23, Отлично, 52, 569
Легенда о героях Галактики: Новый тезис. Стратегия, Фильм, 12, 25 мин, 1, R-17, 8.23, Отлично, 1, 120
Первый шаг: Машиба против Кимуры, OVA, 1, 1 час 1 мин, 1, PG-13, 8.23, Отлично, 1, 5
Великий из бродячих псов 3, TV Сериал, 12, 23 мин, 1, R-17, 8.22, Отлично, 35, 473
Баскетбол Куроко 2, TV Сериал, 25, 24 мин, 1, PG-13, 8.22, Отлично, 21, 596
Маги: Королевство магии, TV Сериал, 25, 25 мин, 1, PG-13, 8.22, Отлично, 33, 263
Ведьмина служба доставки, Фильм, 1, 1 час 43 мин, 1, G, 8.22, Отлично, 23, 98
Мэйджор, TV Сериал, 26, 25 мин, 1, PG-13, 8.22, Отлично, 14, 202
Шёпот сердца, Фильм, 1, 1 час 51 мин, 1, G, 8.22, Отлично, 23, 102
Ван-Пис: Бегство, Фильм, 1, 1 час 41 мин, 1, PG-13, 8.22, Отлично, 9, 225
Волчица и пряности, TV Сериал, 13, 24 мин, 1, PG-13, 8.22, Отлично, 92, 964
Скет Данс, TV Сериал, 77, 24 мин, 1, PG-13, 8.22, Отлично, 26, 144
Триган, TV Сериал, 26, 24 мин, 1, PG-13, 8.22, Отлично, 56, 422
Триплексоголик: Продолжение, TV Сериал, 13, 24 мин, 1, PG-13, 8.21, Отлично, 10, 38
Детектив Конан: Охота на ворона, Фильм, 1, 1 час 51 мин, 1, PG-13, 8.21, Отлично, 2, 10
Семёрка идолов 3, TV Сериал, 13, 24 мин, 1, PG-13, 8.21, Отлично, 1, 532
Сказание о принцессе Кагуя, Фильм, 1, 2 часа 17 мин, 1, R+, 8.21, Отлично, 13, 102
Мэйджор 2, TV Сериал, 26, 25 мин, 1, PG-13, 8.2, Отлично, 8, 53
Мемуары Ванитаса. Часть 2, TV Сериал, 12, 23 мин, 1, R-17, 8.2, Отлично, 11, 325
Ликорис Рикоил, TV Сериал, 13, 24 мин, 1, PG-13, 8.2, Отлично, 69, 2360
Мегалобокс 2, TV Сериал, 13, 24 мин, 1, R-17, 8.2, Отлично, 19, 242
Ох уж этот экстрасенс Сайки Кусуо! Финал, Спешл, 1, 47 мин, 1, PG-13, 8.2, Отлично, 15, 148
Девушки в последнем путешествии, TV Сериал, 12, 23 мин, 1, PG-13, 8.2, Отлично, 76, 420
Давайте сыграем, TV Сериал, 12, 23 мин, 1, PG-13, 8.19, Отлично, 50, 213
Великий из бродячих псов 2, TV Сериал, 12, 23 мин, 1, R-17, 8.19, Отлично, 55, 340
Яркая Тихая, TV Сериал, 25, 22 мин, 1, PG-13, 8.19, Отлично, 40, 186
Судьба/Ночь схватки: Бесконечный мир клинков, TV Сериал, 12, 28 мин, 1, R-17, 8.19, Отлично, 31, 2685
Волейбол!! Битва концепций, Фильм, 1, 1 час 28 мин, 1, PG-13, 8.19, Отлично, 0, 33
Маленькие проказники! Ещё раз, TV Сериал, 13, 24 мин, 1, PG-13, 8.19, Отлично, 25, 162
Блюз машины времени о четырёх с половиной татами, ONA, 6, 20 мин, 1, PG-13, 8.19, Отлично, 3, 67
Доходный дом Иккоку, TV Сериал, 96, 25 мин, 1, R+, 8.19, Отлично, 15, 82
Мэйджор 4, TV Сериал, 26, 24 мин, 1, PG-13, 8.19, Отлично, 5, 14
Мобильный воин Гандам: Ведьма с Меркурия 2, TV Сериал, 6, 24 мин, 0, R-17, 8.19, Отлично, 0, 745
Песня боевых принцесс: Мехасимфония 5, TV Сериал, 13, 23 мин, 1, PG-13, 8.19, Отлично, 5, 58
Юная революционерка Утэна, TV Сериал, 39, 23 мин, 1, PG-13, 8.19, Отлично, 28, 310
Триплексоголик: Клетка, OVA, 2, 35 мин, 1, PG-13, 8.19, Отлично, 7, 43
Весенняя ночь коротка, Фильм, 1, 1 час 32 мин, 1, R+, 8.19, Отлично, 27, 193
Сквозь бальный зал, TV Сериал, 24, 24 мин, 1, PG-13, 8.18, Отлично, 79, 588
Судьба/Ночь схватки: Прикосновение небес, Фильм, 1, 2 час, 1, R-17, 8.18, Отлично, 33, 1293
Девушки и танки, Фильм, 1, 2 час, 1, PG-13, 8.18, Отлично, 14, 226
Тусовщик Кунмин, TV Сериал, 12, 23 мин, 1, PG-13, 8.18, Отлично, 35, 841
Когда плачут цикады: Разгадки, TV Сериал, 24, 24 мин, 1, R-17, 8.18, Отлично, 48, 280
Охотник х Охотник: Остров Жадности, OVA, 8, 22 мин, 1, PG-13, 8.18, Отлично, 1, 9
Деревенская глубинка 2, TV Сериал, 12, 23 мин, 1, PG-13, 8.18, Отлично, 13, 375
Останься со мной Дораэмон! 2, Фильм, 1, 1 час 35 мин, 1, PG, 8.18, Отлично, 0, 9
Некий научный Рейлган T, TV Сериал, 25, 24 мин, 1, R-17, 8.17, Отлично, 11, 6552
Пираты «Чёрной лагуны»: Второй залп, TV Сериал, 12, 23 мин, 1, R-17, 8.17, Отлично, 29, 266
Детектив Конан, TV Сериал, 1084, 25 мин, 0, PG-13, 8.17, Отлично, 18, 1012
Детектив Конан: Худший из кошмаров, Фильм, 1, 1 час 52 мин, 1, G, 8.17, Отлично, 0, 28
Приключения Дигимонов: Последняя эволюция, Фильм, 1, 1 час 34 мин, 1, PG-13, 8.17, Отлично, 1, 29
Доктор Стоун: Каменные войны, TV Сериал, 11, 24 мин, 1, PG-13, 8.17, Отлично, 21, 485
Девушки и танки: Финал. Часть 3, Фильм, 1, 47 мин, 1, PG-13, 8.17, Отлично, 3, 67
Кэйон!!, TV Сериал, 26, 24 мин, 1, PG-13, 8.17, Отлично, 29, 438
Акира, Фильм, 1, 2 часа 4 мин, 1, R+, 8.16, Отлично, 80, 493
Сакура — собирательница карт, TV Сериал, 70, 25 мин, 1, PG, 8.16, Отлично, 14, 380
Смертельный парад, TV Сериал, 12, 23 мин, 1, R-17, 8.16, Отлично, 189, 1108
Инициал Ди: Стадия четвёртая, TV Сериал, 24, 27 мин, 1, PG-13, 8.16, Отлично, 5, 26
Инициал Ди: Стадия вторая, TV Сериал, 13, 23 мин, 1, PG-13, 8.16, Отлично, 11, 28
Бездомный бог: Арагото, TV Сериал, 13, 24 мин, 1, PG-13, 8.16, Отлично, 63, 838
Повар-боец Сома, TV Сериал, 24, 25 мин, 1, PG-13, 8.16, Отлично, 83, 1460
Патриотизм Мориарти, TV Сериал, 11, 23 мин, 1, R-17, 8.16, Отлично, 45, 989
Люпен III: Замок Калиостро, Фильм, 1, 1 час 39 мин, 1, PG-13, 8.15, Отлично, 6, 31
Мэйджор: Письмо, OVA, 1, 24 мин, 1, PG-13, 8.15, Отлично, 0, 5
Нодамэ Кантабиле: Парижская глава, TV Сериал, 11, 23 мин, 1, PG-13, 8.14, Отлично, 10, 14
Деревенская глубинка 3 OVA, OVA, 1, 22 мин, 1, PG-13, 8.14, Отлично, 0, 69
Ван-Пис: Z, Фильм, 1, 1 час 47 мин, 1, PG-13, 8.14, Отлично, 4, 98
Хранитель священного духа, TV Сериал, 26, 25 мин, 1, PG-13, 8.14, Отлично, 26, 78
О моём перерождении в слизь, TV Сериал, 24, 23 мин, 1, PG-13, 8.14, Отлично, 169, 1534
Чёрный клевер, TV Сериал, 170, 23 мин, 1, PG-13, 8.14, Отлично, 144, 2673
Праздник кукол, TV Сериал, 12, 23 мин, 1, PG-13, 8.14, Отлично, 52, 232
Кайба, TV Сериал, 12, 24 мин, 1, R+, 8.14, Отлично, 26, 86
Иллюзия рая, TV Сериал, 8, 23 мин, 0, R-17, 8.14, Отлично, 2, 1034
Добро пожаловать в класс превосходства 2, TV Сериал, 13, 23 мин, 1, PG-13, 8.14, Отлично, 32, 3226
Руки прочь от кинокружка!, TV Сериал, 12, 25 мин, 1, PG-13, 8.13, Отлично, 46, 440
Волейбол!! Гений и чувство, Фильм, 1, 1 час 29 мин, 1, PG-13, 8.13, Отлично, 0, 14
Репетитор-киллер Реборн!, TV Сериал, 203, 24 мин, 1, PG-13, 8.13, Отлично, 45, 543
Лиричная волшебница Наноха 2: Ас, Фильм, 1, 2 часа 29 мин, 1, R+, 8.13, Отлично, 6, 16
Принцесса Тютю, TV Сериал, 38, 16 мин, 1, PG-13, 8.13, Отлично, 18, 77
Моя геройская академия 2, TV Сериал, 25, 23 мин, 1, PG-13, 8.12, Отлично, 51, 652
Детектив Конан: Отсчёт до небес, Фильм, 1, 1 час 40 мин, 1, PG-13, 8.12, Отлично, 0, 12
Детектив Конан: Потерянный корабль в небе, Фильм, 1, 1 час 42 мин, 1, G, 8.12, Отлично, 3, 2
Гинтама: Джамп Феста 2014, Спешл, 1, 24 мин, 1, PG-13, 8.12, Отлично, 2, 29
Девочка покорившая время, Фильм, 1, 1 час 39 мин, 1, G, 8.12, Отлично, 84, 377
Тамаюра: Заключительная глава — Завтрашний день, Фильм, 1, 57 мин, 1, G, 8.11, Отлично, 1, 4
Мобильный воин Гандам 00, TV Сериал, 25, 24 мин, 1, R-17, 8.11, Отлично, 15, 130
Невеста чародея: В ожидании путеводной звезды, OVA, 3, 23 мин, 1, PG-13, 8.11, Отлично, 17, 279
Детройт город металла, OVA, 12, 14 мин, 1, R-17, 8.11, Отлично, 41, 411
Путь аса, TV Сериал, 75, 24 мин, 1, PG-13, 8.11, Отлично, 10, 198
Стальной алхимик, TV Сериал, 51, 24 мин, 1, R-17, 8.11, Отлично, 69, 966
Власть книжного червя 2, TV Сериал, 12, 23 мин, 1, PG-13, 8.11, Отлично, 20, 257
Йона на заре OVA, OVA, 3, 23 мин, 1, PG-13, 8.1, Отлично, 7, 133
История одержимости, TV Сериал, 4, 26 мин, 1, R-17, 8.1, Отлично, 14, 388
Эхо террора, TV Сериал, 11, 22 мин, 1, R-17, 8.1, Отлично, 265, 1664
Мобильный воин Гандам: Единорог, OVA, 7, 1 час 2 мин, 1, PG-13, 8.1, Отлично, 6, 61
Баскетбол Куроко: Это лучший подарок!, Спешл, 1, 23 мин, 1, PG-13, 8.1, Отлично, 1, 66
Конан — мальчик из будущего, TV Сериал, 26, 29 мин, 1, PG-13, 8.1, Отлично, 9, 18
Ван-Пис: Жестокий мир, Фильм, 1, 1 час 55 мин, 1, PG-13, 8.09, Отлично, 3, 17
Повар-боец Сома: Второе блюдо, TV Сериал, 13, 24 мин, 1, PG-13, 8.09, Отлично, 26, 557
Останься со мной Дораэмон!, Фильм, 1, 1 час 34 мин, 1, PG, 8.09, Отлично, 0, 9
Для тебя  Бессмертный 2, TV Сериал, 20, 25 мин, 1, R-17, 8.09, Отлично, 18, 662
Класс убийц, TV Сериал, 22, 23 мин, 1, PG-13, 8.09, Отлично, 80, 651
Серебряная ложка, TV Сериал, 11, 23 мин, 1, PG-13, 8.09, Отлично, 26, 167
Невеста чародея 2, TV Сериал, 7, 24 мин, 0, PG-13, 8.09, Отлично, 0, 199
Первый шаг: Специальный эпизод, Спешл, 1, 23 мин, 1, PG-13, 8.09, Отлично, 0, 2
Инициал Ди: Стадия пятая, TV Сериал, 14, 27 мин, 1, PG-13, 8.09, Отлично, 9, 81
Повелитель 4, TV Сериал, 13, 23 мин, 1, R-17, 8.09, Отлично, 46, 3186
У Коми проблемы с общением 2, TV Сериал, 12, 23 мин, 1, PG-13, 8.08, Отлично, 21, 439
Король храбрецов Гаогайгар, OVA, 8, 32 мин, 1, PG-13, 8.08, Отлично, 2, 1
Мобильный воин Гандам 00 2, TV Сериал, 25, 24 мин, 1, R-17, 8.08, Отлично, 6, 123
Романтический убийца, ONA, 12, 26 мин, 1, PG-13, 8.08, Отлично, 11, 170
Баскетбол Куроко: Последняя игра, Фильм, 1, 1 час 30 мин, 1, PG-13, 8.08, Отлично, 41, 290
Нет игры — нет жизни, TV Сериал, 12, 23 мин, 1, PG-13, 8.08, Отлично, 171, 2788
Эксперименты Лэйн, TV Сериал, 13, 23 мин, 1, R-17, 8.08, Отлично, 99, 1134
Гинтама: Джамп Феста 2005, Спешл, 1, 32 мин, 1, PG-13, 8.08, Отлично, 2, 8
Хикару и го, TV Сериал, 75, 23 мин, 1, PG-13, 8.08, Отлично, 21, 167
Власть книжного червя 3, TV Сериал, 10, 23 мин, 1, PG-13, 8.08, Отлично, 13, 611
Хёка, TV Сериал, 22, 25 мин, 1, PG-13, 8.08, Отлично, 107, 886
Детектив Конан: Волшебник серебряного неба, Фильм, 1, 1 час 48 мин, 1, PG-13, 8.07, Отлично, 1, 12
Детектив Конан: Снайпер из другого измерения, Фильм, 1, 1 час 50 мин, 1, PG-13, 8.07, Отлично, 0, 1
Гинтама: Грандиозное собрание, Спешл, 1, 14 мин, 1, PG-13, 8.07, Отлично, 2, 8
Наброски Хидамари: Выпускной Саэ и Хиро, OVA, 2, 23 мин, 1, PG-13, 8.07, Отлично, 0, 3
Прекрасна как Луна, TV Сериал, 12, 24 мин, 1, PG-13, 8.07, Отлично, 90, 297
Импульс мира 2, TV Сериал, 12, 23 мин, 1, PG-13, 8.07, Отлично, 7, 207
Трусливый велосипедист: Большая дорога, TV Сериал, 24, 23 мин, 1, PG-13, 8.07, Отлично, 6, 68
Эврика 7: Псалмы планет, TV Сериал, 50, 24 мин, 1, PG-13, 8.06, Отлично, 30, 250
Тёмный дворецкий: Глава о цирке, TV Сериал, 10, 24 мин, 1, R-17, 8.07, Отлично, 45, 352
Баскетбол Куроко, TV Сериал, 25, 24 мин, 1, PG-13, 8.06, Отлично, 85, 536
Детектив Конан: Хэллоуинская невеста, Фильм, 1, 1 час 50 мин, 1, PG-13, 8.06, Отлично, 0, 13
Невеста чародея, TV Сериал, 24, 24 мин, 1, PG-13, 8.06, Отлично, 130, 898
Добро пожаловать в ад Ирума! 2, TV Сериал, 21, 24 мин, 1, PG-13, 8.06, Отлично, 12, 446
Сильнейший в истории ученик Кэнъити, TV Сериал, 50, 24 мин, 1, PG-13, 8.06, Отлично, 23, 192
Ангельские ритмы!, TV Сериал, 13, 24 мин, 1, PG-13, 8.06, Отлично, 225, 2998
Городской охотник 2, TV Сериал, 63, 25 мин, 1, PG-13, 8.06, Отлично, 5, 11
Темнее чёрного, TV Сериал, 25, 24 мин, 1, R-17, 8.06, Отлично, 86, 642
Дюрарара!! 2: Финал, TV Сериал, 12, 24 мин, 1, R-17, 8.06, Отлично, 28, 336
Девушки и танки: Финал. Часть 2, Фильм, 1, 54 мин, 1, PG-13, 8.06, Отлично, 4, 78
Озорная Такаги 2, TV Сериал, 12, 23 мин, 1, PG-13, 8.06, Отлично, 18, 193
Моя геройская академия 3, TV Сериал, 25, 23 мин, 1, PG-13, 8.05, Отлично, 48, 1237
Кибер-виток, TV Сериал, 26, 25 мин, 1, G, 8.05, Отлично, 13, 53
Рыцари Зодиака: Глава Аида — Убежище, OVA, 13, 25 мин, 1, PG-13, 8.05, Отлично, 4, 10
Стеклянная маска (2005), TV Сериал, 51, 23 мин, 1, G, 8.05, Отлично, 16, 55
С сегодняшнего дня!, OVA, 10, 43 мин, 1, R-17, 8.05, Отлично, 10, 41
Воспоминания о Марни, Фильм, 1, 1 час 42 мин, 1, G, 8.05, Отлично, 37, 186
Детектив Конан: Реквием детективов, Фильм, 1, 1 час 51 мин, 1, PG-13, 8.04, Отлично, 1, 4
Золотой парень, OVA, 6, 28 мин, 1, R+, 8.04, Отлично, 40, 297
Девушки-пони: Славное дерби 2, TV Сериал, 13, 23 мин, 1, PG-13, 8.04, Отлично, 7, 135
Триплексоголик: Весенний сон, OVA, 2, 26 мин, 1, PG-13, 8.04, Отлично, 0, 17
Убей или умри, TV Сериал, 24, 24 мин, 1, PG-13, 8.04, Отлично, 114, 2906
Скейт: Бесконечность, TV Сериал, 12, 23 мин, 1, PG-13, 8.03, Отлично, 24, 519
Летние войны, Фильм, 1, 1 час 54 мин, 1, PG-13, 8.03, Отлично, 39, 142
Йона на заре, TV Сериал, 24, 24 мин, 1, PG-13, 8.03, Отлично, 92, 1878
Ура мечте! Фильм: Эпизод о Розелии — II, Фильм, 1, 1 час 10 мин, 1, PG-13, 8.03, Отлично, 0, 6
Пираты «Чёрной лагуны», TV Сериал, 12, 23 мин, 1, R-17, 8.03, Отлично, 58, 489
Детектив Конан: Последний волшебник века, Фильм, 1, 1 час 40 мин, 1, PG-13, 8.03, Отлично, 1, 15
Детектив Конан: Потерянное в памяти, Фильм, 1, 1 час 40 мин, 1, PG-13, 8.03, Отлично, 1, 6
Фури-кури, OVA, 6, 25 мин, 1, PG-13, 8.03, Отлично, 81, 878
Стальная тревога? Фумоффу, TV Сериал, 12, 24 мин, 1, PG-13, 8.03, Отлично, 13, 92
Волейбол!! Победители и проигравшие, Фильм, 1, 1 час 28 мин, 1, PG-13, 8.03, Отлично, 0, 6
Вайолет Эвергарден: Воспоминания, Спешл, 1, 1 час 35 мин, 1, PG-13, 8.04, Отлично, 1, 60
Двенадцать королевств, TV Сериал, 45, 25 мин, 1, PG-13, 8.03, Отлично, 43, 152
Граница пустоты 3: Оставшееся чувство боли, Фильм, 1, 59 мин, 1, R+, 8.03, Отлично, 12, 45
Пираты «Чёрной лагуны»: Кровавая тропа Роберты, OVA, 5, 33 мин, 1, R+, 8.02, Отлично, 24, 99
Некий научный Рейлган S, TV Сериал, 24, 24 мин, 1, R-17, 8.02, Отлично, 24, 503
Ди Грэй-мен, TV Сериал, 103, 23 мин, 1, PG-13, 8.02, Отлично, 56, 624
Дом из маленьких кубиков, Фильм, 1, 12 мин, 1, G, 8.02, Отлично, 12, 50
Время Евы ONA, ONA, 6, 18 мин, 1, PG-13, 8.02, Отлично, 21, 42
Легенда о Серебряном Клыке: Падающая звезда Гин, TV Сериал, 21, 23 мин, 1, PG-13, 8.02, Отлично, 1, 27
Маги: Лабиринт магии, TV Сериал, 25, 24 мин, 1, PG-13, 8.02, Отлично, 33, 275
Персона 3: Зима перерождения, Фильм, 1, 1 час 45 мин, 1, R-17, 8.02, Отлично, 6, 32
Боевой континент 2, ONA, 234, 20 мин, 0, PG-13, 8.02, Отлично, 5, 346
Повесть о стране цветных облаков 2, TV Сериал, 39, 25 мин, 1, PG-13, 8.02, Отлично, 5, 26
Хололайв: Альтернатива, ONA, 2, 1 мин, 1, G, 8.01, Отлично, 0, 31
Первые шаги 2, TV Сериал, 25, 24 мин, 1, PG-13, 8.01, Отлично, 2, 177
Песнь ночных сов, TV Сериал, 13, 22 мин, 1, PG-13, 8.01, Отлично, 71, 1747
Детектив Конан: Квартал молчания, Фильм, 1, 1 час 49 мин, 1, G, 8.01, Отлично, 1, 1
Евангелион 1.11: Ты (не) один, Фильм, 1, 1 час 41 мин, 1, R+, 8.01, Отлично, 30, 323
Президент студсовета — горничная!, TV Сериал, 26, 24 мин, 1, PG-13, 8.01, Отлично, 109, 594
Токийские мстители, TV Сериал, 24, 23 мин, 1, R-17, 8.01, Отлично, 84, 1970
Дом теней 2, TV Сериал, 12, 23 мин, 1, PG-13, 8.01, Отлично, 10, 714
Граница пустоты: Благословение будущего, Фильм, 1, 1 час 30 мин, 1, R-17, 8.01, Отлично, 10, 224
Мобильный воин Гандам: Восьмой взвод МС, OVA, 12, 25 мин, 1, PG-13, 8.01, Отлично, 9, 36
Повар-боец Сома: Третье блюдо, TV Сериал, 12, 24 мин, 1, PG-13, 8.01, Отлично, 18, 697
Достучаться до тебя, TV Сериал, 25, 22 мин, 1, PG-13, 8.0, Отлично, 69, 307
Ария: Ариетта, OVA, 1, 30 мин, 1, G, 8.0, Отлично, 0, 46
Кланнад, TV Сериал, 23, 24 мин, 1, PG-13, 8.0, Отлично, 69, 1408
Эф — история мелодий, TV Сериал, 12, 24 мин, 1, PG-13, 8.0, Отлично, 17, 178
Касание, TV Сериал, 101, 25 мин, 1, PG-13, 8.0, Отлично, 6, 50
Волчий дождь: Финал, OVA, 4, 23 мин, 1, PG-13, 8.0, Отлично, 9, 35
Звучи эуфониум!, TV Сериал, 13, 23 мин, 1, PG-13, 8.0, Отлично, 45, 585
Власть книжного червя, TV Сериал, 14, 23 мин, 1, PG-13, 8.0, Отлично, 47, 302
Адзуманга Дайо, TV Сериал, 26, 24 мин, 1, PG-13, 7.99, Хорошо, 21, 132
Школьный переполох 2, TV Сериал, 26, 24 мин, 1, PG-13, 7.99, Хорошо, 8, 28
Волейбол!! Начало и конец, Фильм, 1, 1 час 29 мин, 1, PG-13, 7.99, Хорошо, 0, 17
Достучаться до тебя 2, TV Сериал, 12, 23 мин, 1, PG-13, 7.98, Хорошо, 45, 151
Призрак в доспехах 2.0, Фильм, 1, 1 час 23 мин, 1, R+, 7.98, Хорошо, 1, 44
Сон в замке демона, TV Сериал, 12, 23 мин, 1, PG-13, 7.98, Хорошо, 24, 257
Магистр дьявольского культа: Чиби, ONA, 30, 5 мин, 1, PG-13, 7.98, Хорошо, 2, 56
Наруто, TV Сериал, 220, 23 мин, 1, PG-13, 7.98, Хорошо, 64, 1656
Замахнись сильнее: Летний турнир, TV Сериал, 13, 24 мин, 1, PG-13, 7.98, Хорошо, 6, 25
Триплексоголик, TV Сериал, 24, 24 мин, 1, PG-13, 7.98, Хорошо, 38, 183
Повторная жизнь, TV Сериал, 13, 23 мин, 1, PG-13, 7.98, Хорошо, 121, 1000
Моя геройская академия: Восхождение героев, Фильм, 1, 1 час 44 мин, 1, PG-13, 7.98, Хорошо, 17, 147
Код Гиас: Восставший Лелуш — Император, Фильм, 1, 2 часа 20 мин, 1, R-17, 7.98, Хорошо, 8, 144
Дюрарара!! 2: Наследие, TV Сериал, 12, 24 мин, 1, R-17, 7.98, Хорошо, 26, 731
Девчонка не промах: Экстра, OVA, 3, 25 мин, 1, PG-13, 7.98, Хорошо, 1, 63
Дракон-горничная госпожи Кобаяси, TV Сериал, 13, 24 мин, 1, PG-13, 7.97, Хорошо, 76, 544
Живая любовь! Суперзвезда!!, TV Сериал, 12, 23 мин, 1, PG-13, 7.97, Хорошо, 5, 578
Лиричная волшебница Наноха: Ас, TV Сериал, 13, 25 мин, 1, PG-13, 7.97, Хорошо, 3, 28
Бродяга Кэнсин: Прошедшие годы, OVA, 2, 42 мин, 1, R-17, 7.97, Хорошо, 13, 35
Красноволосая принцесса Белоснежка 2, TV Сериал, 12, 24 мин, 1, PG-13, 7.97, Хорошо, 29, 308
Дюрарара!! 2: Продолжение, TV Сериал, 12, 24 мин, 1, R-17, 7.97, Хорошо, 9, 329
Союз Серокрылых, TV Сериал, 13, 24 мин, 1, PG-13, 7.97, Хорошо, 55, 898
История юного Ханады, TV Сериал, 25, 25 мин, 1, R+, 7.97, Хорошо, 3, 9
Работа!! 3, TV Сериал, 13, 23 мин, 1, PG-13, 7.97, Хорошо, 10, 159
Девчонка не промах 2, TV Сериал, 9, 23 мин, 1, PG-13, 7.97, Хорошо, 16, 206
Принц тенниса: Национальный турнир. Финал, OVA, 7, 23 мин, 1, PG-13, 7.96, Хорошо, 3, 4
Военная хроника маленькой девочки, TV Сериал, 12, 23 мин, 1, R-17, 7.96, Хорошо, 137, 1401
Кулак Северной звезды, TV Сериал, 109, 25 мин, 1, R+, 7.96, Хорошо, 17, 447
Чудные вещи, TV Сериал, 39, 25 мин, 1, R-17, 7.96, Хорошо, 4, 22
Патэма наоборот, Фильм, 1, 1 час 38 мин, 1, PG-13, 7.96, Хорошо, 64, 390
Повар-боец Сома: Третье блюдо — Часть II, TV Сериал, 12, 24 мин, 1, PG-13, 7.96, Хорошо, 22, 366
Семёрка идолов: Вибрато, ONA, 8, 14 мин, 1, PG-13, 7.96, Хорошо, 2, 74
Мобильный воин Гандам 0080: Карманная война, OVA, 6, 27 мин, 1, PG-13, 7.96, Хорошо, 6, 27
Кобато, TV Сериал, 24, 24 мин, 1, PG-13, 7.95, Хорошо, 22, 79
Порко Россо, Фильм, 1, 1 час 33 мин, 1, G, 7.95, Хорошо, 15, 83
Макросс: Помнишь ли нашу любовь?, Фильм, 1, 1 час 55 мин, 1, R+, 7.95, Хорошо, 9, 11
Железобетон, Фильм, 1, 1 час 51 мин, 1, R-17, 7.95, Хорошо, 19, 50
Так сложно любить отаку OVA, OVA, 3, 23 мин, 1, PG-13, 7.95, Хорошо, 3, 196
Бессонница после школы, TV Сериал, 6, 23 мин, 0, PG-13, 7.95, Хорошо, 0, 323
Бездомный бог, TV Сериал, 12, 24 мин, 1, PG-13, 7.95, Хорошо, 108, 964
Ван-Пис: Жестокий мир — Эпизод 0, OVA, 1, 18 мин, 1, PG-13, 7.95, Хорошо, 0, 8
Фантом: Реквием по Призраку, TV Сериал, 26, 24 мин, 1, R+, 7.95, Хорошо, 50, 485
Девушки и танки: Финал, Фильм, 1, 48 мин, 1, PG-13, 7.95, Хорошо, 12, 230
Хикару и го: Кубок Северной Звезды, Спешл, 1, 1 час 17 мин, 1, G, 7.95, Хорошо, 0, 14
Канон (2006), TV Сериал, 24, 24 мин, 1, PG-13, 7.95, Хорошо, 14, 228
Ария: Благословение, Фильм, 1, 1 ча, 1, PG-13, 7.94, Хорошо, 2, 46
Мобильный воин Гандам: Удар молнии, ONA, 4, 18 мин, 1, R-17, 7.94, Хорошо, 3, 80
Дело ведёт юный детектив Киндаити, TV Сериал, 148, 24 мин, 1, R-17, 7.94, Хорошо, 4, 43
Остров сокровищ, TV Сериал, 26, 24 мин, 1, PG-13, 7.94, Хорошо, 4, 40
Деревенская глубинка, TV Сериал, 12, 24 мин, 1, PG-13, 7.94, Хорошо, 35, 319
Осомацу-сан, TV Сериал, 25, 23 мин, 1, R-17, 7.94, Хорошо, 15, 506
Промар, Фильм, 1, 1 час 51 мин, 1, PG-13, 7.94, Хорошо, 86, 399
Красавица-воин Сейлор Мун: Сейлор-звезды, TV Сериал, 34, 24 мин, 1, PG-13, 7.94, Хорошо, 7, 79
Кланнад: Другой мир глава Томоё, Спешл, 1, 23 мин, 1, PG-13, 7.94, Хорошо, 13, 156
Так сложно любить отаку, TV Сериал, 11, 22 мин, 1, PG-13, 7.94, Хорошо, 84, 332
Триплексоголик: Сон в летнюю ночь, Фильм, 1, 1 ча, 1, PG-13, 7.94, Хорошо, 7, 39
Судьба/Великий приказ: Вавилония, TV Сериал, 21, 23 мин, 1, PG-13, 7.94, Хорошо, 32, 3682
В поисках полной луны, TV Сериал, 52, 24 мин, 1, PG-13, 7.94, Хорошо, 12, 31
Трусливый велосипедист, TV Сериал, 38, 24 мин, 1, PG-13, 7.94, Хорошо, 19, 107
Судьба/Девочка-волшебница Иллия: Клятва под снегом, Фильм, 1, 1 час 29 мин, 1, PG-13, 7.93, Хорошо, 12, 288
Стальная тревога! Новый рейд, TV Сериал, 13, 24 мин, 1, R-17, 7.93, Хорошо, 16, 164
Заказывали кролика? 3, TV Сериал, 12, 24 мин, 1, PG-13, 7.93, Хорошо, 2, 208
У Коми проблемы с общением, TV Сериал, 12, 23 мин, 1, PG-13, 7.93, Хорошо, 51, 919
Царство, TV Сериал, 38, 25 мин, 1, R-17, 7.93, Хорошо, 30, 281
Связь сердец: По случайному пути, Спешл, 4, 27 мин, 1, PG-13, 7.93, Хорошо, 31, 275
Покорение горизонта, TV Сериал, 25, 24 мин, 1, PG-13, 7.93, Хорошо, 55, 1283
История кошки: Чёрная глава, TV Сериал, 4, 24 мин, 1, R-17, 7.93, Хорошо, 20, 382
Задержи этот звук!, TV Сериал, 13, 23 мин, 1, PG-13, 7.92, Хорошо, 29, 245
Живая любовь! Проект «Школьный идол» (2015), Фильм, 1, 1 час 42 мин, 1, PG-13, 7.92, Хорошо, 11, 74
Повелитель, TV Сериал, 13, 24 мин, 1, R-17, 7.92, Хорошо, 96, 2131
Повелитель 3, TV Сериал, 13, 23 мин, 1, R-17, 7.92, Хорошо, 79, 1625
Акаги легенда маджонга, TV Сериал, 26, 23 мин, 1, R-17, 7.92, Хорошо, 20, 90
Триган: Переполох в пустошах, Фильм, 1, 1 час 30 мин, 1, PG-13, 7.92, Хорошо, 11, 37
Улица всех святых, ONA, 12, 4 мин, 1, PG-13, 7.92, Хорошо, 6, 73
Улица всех святых 2, ONA, 12, 4 мин, 1, PG-13, 7.92, Хорошо, 2, 37
Японская свежая выпечка, TV Сериал, 69, 24 мин, 1, PG-13, 7.92, Хорошо, 9, 133
Лилии на ветру 3, TV Сериал, 12, 23 мин, 1, PG-13, 7.92, Хорошо, 7, 601
Мобильный воин Гандам: Ведьма с Меркурия, TV Сериал, 12, 24 мин, 1, R-17, 7.92, Хорошо, 13, 1354
Великий из бродячих псов: Сгнившее яблоко, Фильм, 1, 1 час 30 мин, 1, R-17, 7.92, Хорошо, 60, 273
Городской охотник, TV Сериал, 51, 24 мин, 1, PG-13, 7.92, Хорошо, 12, 124
Темнее чёрного: Чёрный контрактор — Гайдэн, Спешл, 4, 24 мин, 1, R-17, 7.92, Хорошо, 14, 64
Айшилд 21, TV Сериал, 145, 23 мин, 1, PG-13, 7.92, Хорошо, 9, 65
Рыбка Поньо на утёсе, Фильм, 1, 1 час 40 мин, 1, G, 7.92, Хорошо, 19, 77
Наброски Хидамари x Соты, TV Сериал, 12, 24 мин, 1, PG-13, 7.92, Хорошо, 2, 14
Блич, TV Сериал, 366, 24 мин, 1, PG-13, 7.91, Хорошо, 100, 2078
Моя геройская академия 4, TV Сериал, 25, 24 мин, 1, PG-13, 7.91, Хорошо, 39, 1229
Код Гиас: Лелуш Воскресший, Фильм, 1, 1 час 52 мин, 1, R-17, 7.91, Хорошо, 67, 2072
Детектив Конан OVA 09: Незнакомец через 10 лет..., OVA, 1, 22 мин, 1, PG-13, 7.91, Хорошо, 0, 13
Скет Данс OVA, OVA, 1, 27 мин, 1, PG-13, 7.91, Хорошо, 0, 12
Огни Пёстрой арены, TV Сериал, 51, 23 мин, 1, PG-13, 7.91, Хорошо, 7, 10
Моя история!, TV Сериал, 24, 22 мин, 1, PG-13, 7.91, Хорошо, 48, 1501
Пластиковые воспоминания, TV Сериал, 13, 24 мин, 1, PG-13, 7.91, Хорошо, 153, 1005
Ди — охотник на вампиров: Жажда крови, Фильм, 1, 1 час 42 мин, 1, R-17, 7.91, Хорошо, 24, 66
Унеси меня на Луну, TV Сериал, 12, 23 мин, 1, PG-13, 7.9, Хорошо, 40, 709
Унеси меня на Луну 2, TV Сериал, 7, 23 мин, 0, PG-13, 7.9, Хорошо, 0, 248
В конечном счёте я стану твоей, TV Сериал, 13, 24 мин, 1, PG-13, 7.9, Хорошо, 54, 722
Прощай унылый учитель 2, TV Сериал, 13, 23 мин, 1, R-17, 7.9, Хорошо, 6, 48
Моя геройская академия, TV Сериал, 13, 24 мин, 1, PG-13, 7.9, Хорошо, 102, 1079
Рандеву с жизнью 2: Куруми на фестивале звёзд, OVA, 1, 29 мин, 1, PG-13, 7.9, Хорошо, 16, 136
Кафе «У Белого Медведя», TV Сериал, 50, 24 мин, 1, G, 7.9, Хорошо, 3, 38
Скитальцы, TV Сериал, 12, 23 мин, 1, R-17, 7.9, Хорошо, 59, 780
Эрго Прокси, TV Сериал, 23, 25 мин, 1, R-17, 7.9, Хорошо, 104, 990
Пять невест. Фильм, Фильм, 1, 2 часа 16 мин, 1, PG-13, 7.9, Хорошо, 15, 803
Хроника галактической гражданской войны, TV Сериал, 52, 25 мин, 1, PG-13, 7.9, Хорошо, 1, 32
Наброски Хидамари x ☆☆☆, TV Сериал, 12, 24 мин, 1, PG-13, 7.9, Хорошо, 2, 10
Бездомная девочка Реми, TV Сериал, 23, 23 мин, 1, G, 7.9, Хорошо, 3, 27
Невероятное приключение ДжоДжо, TV Сериал, 26, 24 мин, 1, R-17, 7.9, Хорошо, 99, 1821
Ёрмунганд 2: Идеальный порядок, TV Сериал, 12, 24 мин, 1, R+, 7.9, Хорошо, 33, 209
Макросс, TV Сериал, 36, 25 мин, 1, PG-13, 7.9, Хорошо, 14, 132
Ван-Пис: Золото, Фильм, 1, 2 час, 1, PG-13, 7.9, Хорошо, 3, 335
Мобильный воин Гандам Зета, TV Сериал, 50, 24 мин, 1, PG-13, 7.89, Хорошо, 11, 87
Сад изящных слов, Фильм, 1, 46 мин, 1, PG-13, 7.89, Хорошо, 125, 727
Макросс Фронтир, TV Сериал, 25, 24 мин, 1, PG-13, 7.89, Хорошо, 11, 364
Замахнись сильнее, TV Сериал, 25, 25 мин, 1, PG-13, 7.89, Хорошо, 10, 40
Аватар короля, ONA, 12, 24 мин, 1, PG-13, 7.89, Хорошо, 115, 714
Принц тенниса: Национальный турнир, OVA, 13, 23 мин, 1, PG-13, 7.89, Хорошо, 3, 5
Принц тенниса: Национальный турнир. Полуфинал, OVA, 6, 23 мин, 1, PG-13, 7.89, Хорошо, 0, 4
Ария: Будущее, Спешл, 3, 21 мин, 1, G, 7.89, Хорошо, 5, 130
Код Гиас: Восставший Лелуш — Пробуждение, Фильм, 1, 2 часа 15 мин, 1, R+, 7.89, Хорошо, 9, 220
Незнакомец на берегу моря, Фильм, 1, 58 мин, 1, PG-13, 7.89, Хорошо, 22, 179
Смертельный бильярд, Фильм, 1, 25 мин, 1, R-17, 7.89, Хорошо, 25, 147
Легенда о Великом Идеоне: Вызов, Фильм, 1, 1 час 38 мин, 1, R+, 7.89, Хорошо, 0, 1
Эф — история воспоминаний, TV Сериал, 12, 24 мин, 1, PG-13, 7.89, Хорошо, 21, 221
Вольный стиль! Вечное лето — Спецвыпуск, Спешл, 1, 23 мин, 1, PG-13, 7.89, Хорошо, 5, 31
Инициал Ди: Стадия третья, Фильм, 1, 1 час 45 мин, 1, PG-13, 7.89, Хорошо, 6, 33
Повесть о стране цветных облаков, TV Сериал, 39, 25 мин, 1, PG-13, 7.89, Хорошо, 15, 34
Школьный переполох, TV Сериал, 26, 23 мин, 1, PG-13, 7.89, Хорошо, 18, 100
Ариэтти из страны лилипутов, Фильм, 1, 1 час 34 мин, 1, G, 7.89, Хорошо, 22, 79
Ура мечте! Фильм: Пузырящаяся мечта!, Фильм, 1, 1 час 10 мин, 1, PG-13, 7.88, Хорошо, 0, 10
Красавица-воин Сейлор Мун Эс, TV Сериал, 38, 24 мин, 1, PG-13, 7.88, Хорошо, 4, 29
Детектив Конан: Четырнадцатая жертва, Фильм, 1, 1 час 39 мин, 1, PG-13, 7.88, Хорошо, 2, 4
Космический Денди, TV Сериал, 13, 24 мин, 1, PG-13, 7.88, Хорошо, 23, 235
Танцуй танцуй танцор, TV Сериал, 11, 23 мин, 1, PG-13, 7.88, Хорошо, 8, 324
Отверженные: Козетта, TV Сериал, 52, 24 мин, 1, G, 7.88, Хорошо, 4, 31
Мегалобокс, TV Сериал, 13, 24 мин, 1, R-17, 7.88, Хорошо, 52, 319
Достичь Терры, TV Сериал, 24, 24 мин, 1, PG-13, 7.88, Хорошо, 21, 71
Ганбастер: Дотянись до неба!, OVA, 6, 30 мин, 1, R+, 7.87, Хорошо, 24, 81
Прощай унылый учитель 3: Покаяние, TV Сериал, 13, 23 мин, 1, R-17, 7.87, Хорошо, 3, 28
Мобильный воин Гандам: Ведьма с Меркурия — Пролог, Спешл, 1, 24 мин, 1, R-17, 7.87, Хорошо, 1, 18
Берсерк: Золотой век II — Битва за Долдрей, Фильм, 1, 1 час 32 мин, 1, R+, 7.87, Хорошо, 7, 42
Ван-Пис: Красный, Фильм, 1, 1 час 55 мин, 1, PG-13, 7.87, Хорошо, 13, 361
Кэрол и Тьюсдей, TV Сериал, 24, 22 мин, 1, PG-13, 7.87, Хорошо, 58, 638
Золотое божество, TV Сериал, 12, 23 мин, 1, R-17, 7.87, Хорошо, 39, 423
Высокая скорость: Так начинался «Вольный стиль!», Фильм, 1, 1 час 50 мин, 1, PG-13, 7.87, Хорошо, 15, 106
Лучшая в мире первая любовь OVA, OVA, 2, 21 мин, 1, PG-13, 7.87, Хорошо, 0, 11
Атака титанов OVA, OVA, 3, 23 мин, 1, R-17, 7.87, Хорошо, 15, 140
Городская дьяволица 2, TV Сериал, 12, 24 мин, 1, PG-13, 7.87, Хорошо, 3, 240
Лиричная волшебница Наноха. Фильм, Фильм, 1, 2 часа 10 мин, 1, R+, 7.87, Хорошо, 6, 32
Карнавальный фантазм, OVA, 12, 14 мин, 1, PG-13, 7.87, Хорошо, 12, 251
Сыграйте круто ребята, TV Сериал, 24, 11 мин, 1, PG-13, 7.87, Хорошо, 0, 164
Осомацу-сан. Фильм, Фильм, 1, 1 час 48 мин, 1, R-17, 7.87, Хорошо, 3, 23
Люпен III против детектива Конана. Фильм, Фильм, 1, 1 час 48 мин, 1, G, 7.86, Хорошо, 0, 12
Перерождение Дяди, TV Сериал, 13, 24 мин, 1, PG-13, 7.86, Хорошо, 42, 1890
Волшебник Кайто 1412, TV Сериал, 24, 24 мин, 1, PG-13, 7.86, Хорошо, 13, 109
Принц тенниса, TV Сериал, 178, 22 мин, 1, PG-13, 7.86, Хорошо, 13, 53
Тигр и кролик, TV Сериал, 25, 24 мин, 1, PG-13, 7.86, Хорошо, 18, 103
Добро пожаловать в класс превосходства, TV Сериал, 12, 24 мин, 1, PG-13, 7.86, Хорошо, 156, 1265
Лилии на ветру: Летние каникулы, OVA, 1, 1 час 3 мин, 1, PG-13, 7.86, Хорошо, 2, 123
Прощай унылый учитель, TV Сериал, 12, 24 мин, 1, R-17, 7.86, Хорошо, 31, 220
Члены школьного совета 2 OVA, OVA, 10, 25 мин, 1, R-17, 7.86, Хорошо, 1, 196
Ура мечте! Лайв 2, Фильм, 1, 1 час 44 мин, 1, PG-13, 7.86, Хорошо, 0, 20
Летний призрак, Фильм, 1, 39 мин, 1, PG-13, 7.86, Хорошо, 13, 147
Вельзепуз, TV Сериал, 60, 24 мин, 1, PG-13, 7.86, Хорошо, 39, 234
Инуяся, TV Сериал, 167, 24 мин, 1, PG-13, 7.86, Хорошо, 14, 235
Детектив Конан: Заминированный небоскрёб, Фильм, 1, 1 час 34 мин, 1, PG-13, 7.85, Хорошо, 1, 5
Лучшая в мире первая любовь 2, TV Сериал, 12, 24 мин, 1, PG-13, 7.85, Хорошо, 9, 139
Трон отмеченный богом 2, ONA, 29, 21 мин, 0, PG-13, 7.85, Хорошо, 0, 37
Туалетный мальчик Ханако, TV Сериал, 12, 24 мин, 1, PG-13, 7.85, Хорошо, 39, 760
Кэйон!, TV Сериал, 13, 24 мин, 1, PG-13, 7.85, Хорошо, 79, 953
Маги: Приключение Синдбада, TV Сериал, 13, 24 мин, 1, PG-13, 7.85, Хорошо, 13, 167
Новый инициал Ди: Легенда третья — Бесконечность, Фильм, 1, 1 ча, 1, PG-13, 7.85, Хорошо, 9, 33
Деревенская глубинка 2: И вновь прекрасные деньки, OVA, 1, 24 мин, 1, PG-13, 7.85, Хорошо, 2, 25
Бездомный бог: Арагото OAD, OVA, 2, 23 мин, 1, PG-13, 7.85, Хорошо, 10, 127
Улица всех святых 3, ONA, 12, 4 мин, 1, PG-13, 7.85, Хорошо, 0, 33
Всегда вялый Танака-кун, TV Сериал, 12, 24 мин, 1, PG-13, 7.84, Хорошо, 56, 459
Экзотическая семейка, TV Сериал, 13, 24 мин, 1, PG-13, 7.84, Хорошо, 22, 85
Несносные пришельцы: Прекрасная мечтательница, Фильм, 1, 1 час 37 мин, 1, PG-13, 7.84, Хорошо, 3, 23
Великолепный кондитер, TV Сериал, 50, 24 мин, 1, G, 7.84, Хорошо, 6, 52
Выдающиеся звери, TV Сериал, 12, 22 мин, 1, R-17, 7.84, Хорошо, 63, 756
Ангел по соседству, TV Сериал, 12, 23 мин, 1, PG-13, 7.84, Хорошо, 54, 1973
Звёздные рыцари со звезды изгоев, TV Сериал, 24, 25 мин, 1, R+, 7.84, Хорошо, 13, 81
Лабиринт Грисайи, Спешл, 1, 47 мин, 1, R-17, 7.84, Хорошо, 9, 284
Члены школьного совета. Фильм, Фильм, 1, 1 ча, 1, R-17, 7.84, Хорошо, 5, 94
Берсерк: Золотой век — Мемориальное издание, TV Сериал, 13, 25 мин, 1, R+, 7.84, Хорошо, 8, 777
Атака титанов: Крылья свободы, Фильм, 1, 2 час, 1, R-17, 7.84, Хорошо, 1, 54
ID: Вторжение, TV Сериал, 13, 24 мин, 1, R-17, 7.84, Хорошо, 63, 733
Пожиратель душ, TV Сериал, 51, 23 мин, 1, PG-13, 7.84, Хорошо, 81, 391
Ину-о, Фильм, 1, 1 час 38 мин, 1, PG-13, 7.84, Хорошо, 5, 93
Мичико и Хатчин, TV Сериал, 22, 22 мин, 1, R-17, 7.84, Хорошо, 17, 47
Мобильный воин Гандам: Вспышка Хэтэуэй, Фильм, 1, 1 час 35 мин, 1, PG-13, 7.83, Хорошо, 11, 118
Сердцу хочется кричать, Фильм, 1, 1 час 59 мин, 1, PG-13, 7.83, Хорошо, 109, 306
Уважаемый старший брат, TV Сериал, 39, 25 мин, 1, PG-13, 7.83, Хорошо, 16, 31
Планетарианка: Звёздный странник, Фильм, 1, 1 час 57 мин, 1, PG-13, 7.83, Хорошо, 26, 110
Амнезия сумеречной девы, TV Сериал, 12, 23 мин, 1, R-17, 7.83, Хорошо, 126, 690
Пожиратель звёзд, ONA, 26, 22 мин, 1, PG-13, 7.83, Хорошо, 5, 40
Король храбрецов Гаогайгар, TV Сериал, 49, 25 мин, 1, G, 7.83, Хорошо, 3, 1
91 день, TV Сериал, 12, 24 мин, 1, R-17, 7.83, Хорошо, 132, 668
Симфония морской стали: Новое искусство 2, Фильм, 1, 1 час 45 мин, 1, PG-13, 7.83, Хорошо, 12, 47
Капэта, TV Сериал, 52, 23 мин, 1, PG, 7.83, Хорошо, 7, 11
Повседневная жизнь старшеклассников: Спецвыпуски, Спешл, 6, 3 мин, 1, PG-13, 7.83, Хорошо, 0, 22
Гангрейв: Убийца с того света, TV Сериал, 26, 25 мин, 1, R-17, 7.83, Хорошо, 38, 109
Волейбол!! Земля против воздуха, OVA, 2, 22 мин, 1, PG-13, 7.83, Хорошо, 3, 63
Меланхолия Харухи Судзумии, TV Сериал, 14, 23 мин, 1, PG-13, 7.83, Хорошо, 74, 798
Граница пустоты 4: Храм пустоты, Фильм, 1, 46 мин, 1, R-17, 7.83, Хорошо, 8, 60
Великий из бродячих псов, TV Сериал, 12, 23 мин, 1, R-17, 7.82, Хорошо, 108, 549
Эмма: Викторианская романтика. Семейство Молдеров, TV Сериал, 12, 25 мин, 1, G, 7.82, Хорошо, 7, 9
Добро пожаловать в ад Ирума! 3, TV Сериал, 21, 24 мин, 1, PG-13, 7.82, Хорошо, 9, 414
Атака титанов: Рёв пробуждения, Фильм, 1, 2 час, 1, R-17, 7.82, Хорошо, 2, 128
Сомали и Дух леса, TV Сериал, 12, 23 мин, 1, PG-13, 7.82, Хорошо, 31, 237
Волейбол!! Кукольный театр, OVA, 10, 2 мин, 1, PG-13, 7.82, Хорошо, 0, 37
Наброски Хидамари x 365, TV Сериал, 13, 24 мин, 1, PG-13, 7.82, Хорошо, 1, 22
Голубой период, TV Сериал, 12, 23 мин, 1, PG-13, 7.82, Хорошо, 27, 673
Расколотая битвой синева небес 5, ONA, 45, 24 мин, 0, PG-13, 7.82, Хорошо, 0, 124
Волшебный круг Гуру-Гуру (2017), TV Сериал, 24, 24 мин, 1, PG-13, 7.82, Хорошо, 2, 29
Связь принцесс: Повторное погружение 2, TV Сериал, 12, 23 мин, 1, PG-13, 7.82, Хорошо, 5, 402
А вот и она!, ONA, 5, 4 мин, 1, G, 7.82, Хорошо, 2, 34
Работа!! 2, TV Сериал, 13, 24 мин, 1, PG-13, 7.82, Хорошо, 10, 85
Лилии на ветру 2, TV Сериал, 12, 23 мин, 1, PG-13, 7.82, Хорошо, 4, 244
Агрессивная Рэцуко ONA 3, ONA, 10, 16 мин, 1, PG-13, 7.81, Хорошо, 9, 27
Малыш и я, TV Сериал, 35, 25 мин, 1, G, 7.81, Хорошо, 1, 17
Выдающиеся звери 2, TV Сериал, 12, 22 мин, 1, R-17, 7.81, Хорошо, 14, 385
Детектив Конан: Волшебник серебряного неба — Промо, Спешл, 1, 25 мин, 1, PG-13, 7.81, Хорошо, 1, 6
Атака титанов: Потерянные девушки, OVA, 3, 25 мин, 1, R-17, 7.81, Хорошо, 10, 330
Пламенная бригада пожарных: Вторая глава, TV Сериал, 24, 24 мин, 1, PG-13, 7.81, Хорошо, 23, 965
Рубаки Трай, TV Сериал, 26, 23 мин, 1, PG-13, 7.81, Хорошо, 6, 4
Судьба/Великий карнавал, OVA, 4, 15 мин, 1, PG-13, 7.81, Хорошо, 0, 210
Прощай унылый учитель OVA, OVA, 3, 25 мин, 1, R-17, 7.81, Хорошо, 1, 7
В джунглях всё было хорошо пока не пришла Гуу, TV Сериал, 26, 23 мин, 1, PG-13, 7.81, Хорошо, 4, 33
Баскетбол Куроко: Открывая двери, Фильм, 1, 1 час 28 мин, 1, PG-13, 7.81, Хорошо, 1, 18
Птичье крыло: История гольфисток 2, TV Сериал, 7, 23 мин, 0, PG-13, 7.81, Хорошо, 0, 46
Баскетбол Куроко: Вбрасывание, Спешл, 1, 23 мин, 1, PG-13, 7.81, Хорошо, 1, 17
Академия ведьмочек, TV Сериал, 25, 24 мин, 1, G, 7.81, Хорошо, 71, 681
Люпен III: Могила Дайсукэ Дзигэна, Фильм, 1, 51 мин, 1, R+, 7.81, Хорошо, 5, 35
История финала 2: Рекапы, Спешл, 1, 25 мин, 1, R-17, 7.81, Хорошо, 0, 28
Академия ведьмочек. Фильм, Фильм, 1, 26 мин, 1, PG-13, 7.8, Хорошо, 17, 179
Счастливая звезда OVA, OVA, 1, 42 мин, 1, PG-13, 7.8, Хорошо, 2, 19
Маги: Приключение Синдбада OVA, OVA, 5, 24 мин, 1, PG-13, 7.8, Хорошо, 3, 90
Дева Мария смотрит за вами 3, OVA, 5, 50 мин, 1, PG-13, 7.8, Хорошо, 2, 29
Новый инициал Ди: Легенда вторая — Одиночка, Фильм, 1, 1 ча, 1, PG-13, 7.8, Хорошо, 3, 15
Нодамэ Кантабиле: Финал — Эпизод 0, Спешл, 1, 25 мин, 1, PG-13, 7.8, Хорошо, 1, 14
Невезучая ведьма Дореми: Секрет, OVA, 13, 25 мин, 1, G, 7.8, Хорошо, 0, 1
Психопаспорт 3: Первый инспектор, ONA, 3, 46 мин, 1, R-17, 7.8, Хорошо, 8, 219
Тамаюра: Заключительная глава — Тоска, Фильм, 1, 51 мин, 1, G, 7.8, Хорошо, 0, 15
Волчий дождь, TV Сериал, 26, 23 мин, 1, PG-13, 7.8, Хорошо, 47, 268
Герой Юна Юки: История Суми Вашио — Душа, Фильм, 1, 47 мин, 1, PG-13, 7.8, Хорошо, 0, 13
Первые шаги, TV Сериал, 25, 24 мин, 1, PG-13, 7.8, Хорошо, 10, 91
Городской охотник 3, TV Сериал, 13, 24 мин, 1, PG-13, 7.8, Хорошо, 4, 9
Детектив Конан: На перекрёстках древней столицы, Фильм, 1, 1 час 48 мин, 1, PG-13, 7.8, Хорошо, 1, 3
Звучи эуфониум! Пусть мелодия дойдёт до тебя, Фильм, 1, 1 час 55 мин, 1, PG-13, 7.8, Хорошо, 0, 99
Наброски Хидамари x ☆☆☆: Спецвыпуски, Спешл, 2, 24 мин, 1, PG-13, 7.8, Хорошо, 0, 2
Инуяся: Меч покоряющий мир, Фильм, 1, 1 час 38 мин, 1, PG-13, 7.8, Хорошо, 1, 8
Пресвятые отроки. Фильм, Фильм, 1, 1 час 29 мин, 1, PG-13, 7.8, Хорошо, 10, 54
Звёздный флаг 2, TV Сериал, 10, 25 мин, 1, PG-13, 7.8, Хорошо, 2, 24
Ёрмунганд, TV Сериал, 12, 24 мин, 1, R+, 7.8, Хорошо, 37, 306
Со склонов Кокурико, Фильм, 1, 1 час 35 мин, 1, G, 7.79, Хорошо, 23, 72
Детектив Конан: Стратегия над бездной, Фильм, 1, 1 час 50 мин, 1, PG-13, 7.79, Хорошо, 2, 2
Саюки: Истоки, OVA, 3, 30 мин, 1, R-17, 7.79, Хорошо, 2, 13
Дораэмон (1979), TV Сериал, 1787, 11 мин, 1, PG, 7.79, Хорошо, 3, 47
Члены школьного совета. Фильм 2, Фильм, 1, 1 час 18 мин, 1, R-17, 7.79, Хорошо, 2, 76
Сегодняшнее меню для Эмии, ONA, 13, 13 мин, 1, PG-13, 7.79, Хорошо, 4, 192
Дом теней, TV Сериал, 13, 23 мин, 1, PG-13, 7.79, Хорошо, 30, 935
Гигантский робот, OVA, 7, 49 мин, 1, PG-13, 7.79, Хорошо, 4, 5
Галактический экспресс 999, TV Сериал, 113, 24 мин, 1, G, 7.79, Хорошо, 10, 123
Сказка о девушке эпохи Тайсё, TV Сериал, 12, 23 мин, 1, PG-13, 7.79, Хорошо, 18, 271
Вперёд принцессы хорошенького лекарства!, TV Сериал, 50, 24 мин, 1, G, 7.79, Хорошо, 2, 15
Призрак в доспехах 2: Невинность, Фильм, 1, 1 час 39 мин, 1, R-17, 7.79, Хорошо, 15, 60
Фронт кровавой блокады 2, TV Сериал, 12, 24 мин, 1, R-17, 7.79, Хорошо, 25, 221
Изгнанник, TV Сериал, 26, 24 мин, 1, PG-13, 7.79, Хорошо, 30, 64
Макросс Фронтир: Фальшивая дива, Фильм, 1, 1 час 59 мин, 1, PG-13, 7.79, Хорошо, 2, 15
Наруто: Последний фильм, Фильм, 1, 1 час 52 мин, 1, PG-13, 7.79, Хорошо, 44, 689
Вечная воля, ONA, 52, 19 мин, 1, PG-13, 7.79, Хорошо, 7, 214
Сломанный меч 3: Коварный удар — Смертельная рана, Фильм, 1, 47 мин, 1, R-17, 7.78, Хорошо, 1, 14
Код Гиас: Восставший Лелуш 2 — Реквием Зеро, OVA, 1, 1 час 56 мин, 1, R-17, 7.78, Хорошо, 2, 2
Детектив Конан: Партитура вызывающая трепет, Фильм, 1, 1 час 56 мин, 1, PG-13, 7.78, Хорошо, 1, 2
Приключения Дигимонов: Дети играют в войну, Фильм, 1, 41 мин, 1, PG, 7.78, Хорошо, 0, 1
Заказывали кролика? 2, TV Сериал, 12, 23 мин, 1, PG-13, 7.78, Хорошо, 4, 68
Дом Пяти Листьев, TV Сериал, 12, 22 мин, 1, PG-13, 7.78, Хорошо, 26, 91
Заказывали кролика? 2: Моя дорогая сестра, Фильм, 1, 1 ча, 1, PG-13, 7.78, Хорошо, 1, 59
Хладнокровный Хозуки, TV Сериал, 13, 24 мин, 1, PG-13, 7.78, Хорошо, 21, 174
Хорошенькое лекарство: Мерцание звёзд, Фильм, 1, 1 час 12 мин, 1, G, 7.78, Хорошо, 0, 2
Оборотни, Фильм, 1, 1 час 42 мин, 1, R-17, 7.78, Хорошо, 28, 271
Граница пустоты 2: Теория убийства  — Часть 1, Фильм, 1, 1 ча, 1, R-17, 7.78, Хорошо, 12, 121
Люпен III: Часть II, TV Сериал, 155, 25 мин, 1, PG-13, 7.78, Хорошо, 2, 58
Игры разума, Фильм, 1, 1 час 43 мин, 1, R-17, 7.78, Хорошо, 8, 47
Новый инициал Ди: Легенда первая — Пробуждение, Фильм, 1, 1 час 2 мин, 1, PG-13, 7.78, Хорошо, 6, 40
Син-тян, TV Сериал, 999, 21 мин, 0, G, 7.77, Хорошо, 0, 131
Котикамэ, TV Сериал, 373, 25 мин, 1, PG-13, 7.77, Хорошо, 0, 33
Зарэгото: Обезглавливающий цикл, OVA, 8, 29 мин, 1, R-17, 7.77, Хорошо, 29, 524
Живая любовь! Проект «Школьный идол» 2, TV Сериал, 13, 23 мин, 1, PG-13, 7.77, Хорошо, 26, 168
Люпен III против детектива Конана, Спешл, 1, 1 час 45 мин, 1, PG-13, 7.77, Хорошо, 2, 6
Повесть о доме Тайра, TV Сериал, 11, 23 мин, 1, PG-13, 7.77, Хорошо, 13, 144
Люпен III: Женщина по имени Фудзико Минэ, TV Сериал, 13, 22 мин, 1, R+, 7.77, Хорошо, 15, 68
Энн из Зелёных Крыш, TV Сериал, 50, 25 мин, 1, G, 7.77, Хорошо, 4, 61
Дочка босса и её нянька, TV Сериал, 12, 23 мин, 1, PG-13, 7.77, Хорошо, 23, 374
Технолайз, TV Сериал, 22, 23 мин, 1, R+, 7.77, Хорошо, 51, 1033
Ария: Сумерки, Фильм, 1, 1 ча, 1, PG-13, 7.77, Хорошо, 2, 57
Система «спаси-себя-сам» для главного злодея, ONA, 10, 20 мин, 1, R-17, 7.77, Хорошо, 7, 696
Лилии на ветру: Летние каникулы — Спецвыпуски, Спешл, 2, 24 мин, 1, PG-13, 7.77, Хорошо, 1, 117
Приключения Дигимонов, TV Сериал, 54, 24 мин, 1, PG, 7.77, Хорошо, 7, 45
Босоногий Гэн, Фильм, 1, 1 час 23 мин, 1, PG-13, 7.77, Хорошо, 17, 77
Волейбол против «Неудачников»!!, OVA, 1, 24 мин, 1, PG-13, 7.77, Хорошо, 1, 10
Наброски Хидамари x SP, Спешл, 2, 24 мин, 1, PG-13, 7.77, Хорошо, 0, 2
Девчонка не промах, TV Сериал, 12, 24 мин, 1, PG-13, 7.77, Хорошо, 36, 233
Спой немного гармонии, Фильм, 1, 1 час 48 мин, 1, PG-13, 7.76, Хорошо, 4, 74
Красноволосая принцесса Белоснежка, TV Сериал, 12, 24 мин, 1, PG-13, 7.76, Хорошо, 59, 540
Ура мечте! Девушки из группы, ONA, 26, 3 мин, 1, PG-13, 7.76, Хорошо, 1, 21
Сакура — собирательница карт: Пролог, OVA, 1, 26 мин, 1, G, 7.76, Хорошо, 0, 38
Многоцветье, Фильм, 1, 2 часа 7 мин, 1, PG-13, 7.76, Хорошо, 31, 131
Сонни Бой, TV Сериал, 12, 24 мин, 1, PG-13, 7.76, Хорошо, 48, 745
Детектив Конан  OVA 10: Кид на острове-ловушке, OVA, 1, 24 мин, 1, PG-13, 7.76, Хорошо, 0, 1
Члены школьного совета OVA, OVA, 8, 26 мин, 1, R-17, 7.76, Хорошо, 1, 52
Человек-дьявол: Плакса, ONA, 10, 25 мин, 1, R+, 7.76, Хорошо, 136, 674
Охота на привидений, TV Сериал, 25, 24 мин, 1, PG-13, 7.76, Хорошо, 34, 93
Легенда о героях Галактики: Новый тезис. Встреча, TV Сериал, 12, 25 мин, 1, R-17, 7.76, Хорошо, 20, 577
Восточный Эдем, TV Сериал, 11, 23 мин, 1, R-17, 7.76, Хорошо, 36, 255
Мобильный воин Гандам, TV Сериал, 43, 25 мин, 1, PG-13, 7.76, Хорошо, 12, 230
Дева Мария смотрит за вами 4, TV Сериал, 13, 25 мин, 1, PG-13, 7.76, Хорошо, 5, 23
Повелитель 2, TV Сериал, 13, 23 мин, 1, R-17, 7.76, Хорошо, 65, 2317
Ранма 1/2, TV Сериал, 161, 24 мин, 1, R+, 7.76, Хорошо, 8, 99
Пожиратель звёзд 2, ONA, 59, 21 мин, 0, PG-13, 7.76, Хорошо, 2, 96
Прощай унылый учитель OVA 2, OVA, 2, 26 мин, 1, R-17, 7.76, Хорошо, 1, 8
Тамаюра: Заключительная глава — Звуки, Фильм, 1, 52 мин, 1, G, 7.75, Хорошо, 0, 2
Астро-боец Санред, TV Сериал, 26, 13 мин, 1, PG-13, 7.75, Хорошо, 1, 25
Мир удона Поко, TV Сериал, 12, 22 мин, 1, PG-13, 7.75, Хорошо, 16, 123
Вайолет Эвергарден: Реклама, ONA, 2, , 1, PG-13, 7.75, Хорошо, 0, 11
Ура мечте! Девушки из группы 2, ONA, 26, 3 мин, 1, PG-13, 7.75, Хорошо, 0, 150
Шарлотта, TV Сериал, 13, 24 мин, 1, PG-13, 7.75, Хорошо, 187, 2428
Городской охотник 91, TV Сериал, 13, 23 мин, 1, PG-13, 7.75, Хорошо, 2, 6
Вольный стиль! Займите свои позиции, Фильм, 1, 1 час 48 мин, 1, PG-13, 7.75, Хорошо, 6, 24
Гэнсикэн 2, TV Сериал, 12, 24 мин, 1, R-17, 7.75, Хорошо, 6, 23
Заказывали кролика? 2 OVA, OVA, 1, 25 мин, 1, PG-13, 7.75, Хорошо, 0, 34
Рыцари Зодиака, TV Сериал, 114, 24 мин, 1, PG-13, 7.75, Хорошо, 5, 252
Повелитель тьмы на подработке!, TV Сериал, 13, 24 мин, 1, PG-13, 7.75, Хорошо, 87, 664
Рыцари Зодиака: Глава Аида — Преисподняя, OVA, 12, 25 мин, 1, PG-13, 7.75, Хорошо, 2, 2
Звучи эуфониум! Последняя клятва, Фильм, 1, 1 час 41 мин, 1, PG-13, 7.75, Хорошо, 9, 133
Шаман Кинг, TV Сериал, 64, 23 мин, 1, PG-13, 7.75, Хорошо, 26, 278
Иной мир — легенда Святых Рыцарей, OVA, 13, 45 мин, 1, R+, 7.75, Хорошо, 25, 215
Повар-боец Сома: Четвёртое блюдо, TV Сериал, 12, 24 мин, 1, PG-13, 7.75, Хорошо, 18, 249
Девушка из оперы!, TV Сериал, 13, 24 мин, 1, PG-13, 7.75, Хорошо, 10, 228
Мобильный воин Гандам III: Столкновение в космосе, Фильм, 1, 2 часа 20 мин, 1, PG-13, 7.75, Хорошо, 1, 10
Мобильный воин Гандам: Поколение, TV Сериал, 50, 24 мин, 1, R-17, 7.75, Хорошо, 21, 245
Связь сердец, TV Сериал, 13, 24 мин, 1, PG-13, 7.75, Хорошо, 81, 388
Баскетбол Куроко: Последняя игра — Спецвыпуск, Спешл, 1, 2 мин, 1, PG-13, 7.75, Хорошо, 0, 23
Академия ведьмочек: Колдовской парад, Фильм, 1, 53 мин, 1, PG, 7.75, Хорошо, 11, 83
Добро пожаловать в ад Ирума!, TV Сериал, 23, 23 мин, 1, PG-13, 7.75, Хорошо, 30, 341
Отныне Мао король демонов! 3, TV Сериал, 39, 24 мин, 1, PG-13, 7.74, Хорошо, 4, 36
Счастливая звезда, TV Сериал, 24, 24 мин, 1, PG-13, 7.74, Хорошо, 32, 294
Ван-Пис: Барон Омацури и Секретный Остров, Фильм, 1, 1 час 31 мин, 1, PG-13, 7.74, Хорошо, 5, 53
Агрессивная Рэцуко ONA 2, ONA, 10, 16 мин, 1, PG-13, 7.74, Хорошо, 4, 30
Нет лекарства для моего брата! 2, TV Сериал, 24, 3 мин, 1, PG-13, 7.74, Хорошо, 4, 138
Клеймор, TV Сериал, 26, 23 мин, 1, R+, 7.74, Хорошо, 89, 456
Библиотечная война: Крылья революции, Фильм, 1, 1 час 45 мин, 1, PG-13, 7.74, Хорошо, 5, 28
Гандам: Объединение, TV Сериал, 50, 24 мин, 1, PG-13, 7.74, Хорошо, 5, 86
Детектив Конан: Алая пуля, Фильм, 1, 1 час 50 мин, 1, PG-13, 7.74, Хорошо, 2, 28
Драгон Квест: Приключения Дая, TV Сериал, 100, 24 мин, 1, PG-13, 7.74, Хорошо, 1, 289
Одаривая этот замечательный мир взрывами!, TV Сериал, 7, 23 мин, 0, PG-13, 7.72, Хорошо, 1, 636
Золотая пора, TV Сериал, 24, 24 мин, 1, PG-13, 7.74, Хорошо, 141, 1921
Эстебан сын Солнца, TV Сериал, 39, 27 мин, 1, PG-13, 7.74, Хорошо, 0, 13
Гандам: Сконструированные бойцы, TV Сериал, 25, 25 мин, 1, G, 7.74, Хорошо, 4, 31
Живая любовь! Суперзвезда!! 2, TV Сериал, 12, 23 мин, 1, PG-13, 7.73, Хорошо, 6, 293
Инуяся: Чёрная Тэссайга, Спешл, 1, 29 мин, 1, PG-13, 7.74, Хорошо, 1, 7
Домашний питомец иногда сидящий на моей голове, TV Сериал, 12, 23 мин, 1, PG-13, 7.73, Хорошо, 36, 130
Вольный стиль! Заплыв в будущее. Фильм, Фильм, 1, 1 час 39 мин, 1, PG-13, 7.73, Хорошо, 1, 45
Вольный стиль! Последний гребок, Фильм, 1, 1 час 26 мин, 1, PG-13, 7.73, Хорошо, 2, 96
Школьные истории о привидениях, TV Сериал, 19, 24 мин, 1, PG-13, 7.73, Хорошо, 3, 32
На закате человечества, TV Сериал, 12, 23 мин, 1, PG-13, 7.73, Хорошо, 34, 348
Баскетбол Куроко: Вперёд сквозь слёзы, Фильм, 1, 1 час 27 мин, 1, PG-13, 7.73, Хорошо, 0, 19
По ту сторону границы, TV Сериал, 12, 24 мин, 1, PG-13, 7.73, Хорошо, 129, 771
Атака титанов: Багровые луки и стрелы, Фильм, 1, 1 час 58 мин, 1, R-17, 7.73, Хорошо, 8, 56
Атака титанов: Хроника, Фильм, 1, 2 час, 1, R-17, 7.73, Хорошо, 3, 111
Рыцари Сидонии: Битва за девятую планету, TV Сериал, 12, 24 мин, 1, R-17, 7.73, Хорошо, 20, 438
Рубаки, TV Сериал, 26, 22 мин, 1, PG-13, 7.73, Хорошо, 10, 62
Покемон: Начало, Спешл, 4, 21 мин, 1, PG, 7.73, Хорошо, 0, 40
Школа детективов Къю, TV Сериал, 45, 25 мин, 1, PG-13, 7.73, Хорошо, 2, 14
Почтовая пчела: Реверс, TV Сериал, 25, 20 мин, 1, PG-13, 7.73, Хорошо, 3, 12
Закон Уэки, TV Сериал, 51, 23 мин, 1, PG-13, 7.73, Хорошо, 6, 37
Патриотизм Мориарти OVA, OVA, 2, 23 мин, 1, R-17, 7.73, Хорошо, 1, 69
Несносные пришельцы, TV Сериал, 195, 25 мин, 1, PG-13, 7.73, Хорошо, 12, 182
Кто стоит за спиной?, Фильм, 1, 1 час 30 мин, 1, G, 7.73, Хорошо, 4, 5
Семь обличий Ямато Надэсико, TV Сериал, 25, 24 мин, 1, PG-13, 7.72, Хорошо, 24, 73
Под мостом над Аракавой 2, TV Сериал, 13, 23 мин, 1, PG-13, 7.72, Хорошо, 14, 54
Сияние утра и Касэ, OVA, 1, 58 мин, 1, PG-13, 7.72, Хорошо, 10, 67
Красавица-воин Сейлор Мун, TV Сериал, 46, 24 мин, 1, PG-13, 7.72, Хорошо, 22, 371
Красавица-воин Сейлор Мун: Вечность 2, Фильм, 1, 1 час 20 мин, 1, PG-13, 7.72, Хорошо, 4, 56
Сломанный меч 2: Распутье, Фильм, 1, 51 мин, 1, R-17, 7.72, Хорошо, 2, 2
Мой братик теперь не братик!, TV Сериал, 12, 23 мин, 1, PG-13, 7.72, Хорошо, 24, 727
Детектив Конан: Подсолнухи из адского пламени, Фильм, 1, 1 час 52 мин, 1, PG-13, 7.72, Хорошо, 3, 17
Последняя фантазия 7: Дети пришествия, Фильм, 1, 1 час 41 мин, 1, PG-13, 7.72, Хорошо, 4, 22
Врата: Там бьются наши воины — Огнедышащие драконы, TV Сериал, 12, 23 мин, 1, R-17, 7.72, Хорошо, 66, 629
Наброски Хидамари x 365: Спецвыпуски, Спешл, 3, 24 мин, 1, PG-13, 7.72, Хорошо, 0, 1
Трон отмеченный богом, ONA, 26, 21 мин, 1, PG-13, 7.73, Хорошо, 0, 73
Чистая романтика 2, TV Сериал, 12, 24 мин, 1, PG-13, 7.72, Хорошо, 6, 4
Агент времени: Поединок за руку дочери, ONA, 1, 22 мин, 1, PG-13, 7.72, Хорошо, 0, 38
Школьный переполох OVA, OVA, 2, 25 мин, 1, PG-13, 7.72, Хорошо, 1, 3
Баскетбол Куроко: Тень и свет, Фильм, 1, 1 час 27 мин, 1, PG-13, 7.72, Хорошо, 0, 43
По ту сторону границы: Я буду рядом — Прошлое, Фильм, 1, 1 час 22 мин, 1, PG-13, 7.72, Хорошо, 8, 59
Шутки чокнутой столицы, TV Сериал, 10, 25 мин, 1, PG-13, 7.72, Хорошо, 23, 217
Возвращение кота, Фильм, 1, 1 час 15 мин, 1, G, 7.72, Хорошо, 9, 49
Бездомный бог OAD, OVA, 2, 24 мин, 1, PG-13, 7.72, Хорошо, 10, 82
Труська Чулко и пресвятой Подвяз, TV Сериал, 13, 23 мин, 1, R-17, 7.72, Хорошо, 28, 268
Принцесса-шпионка: Укротитель короны 2, Фильм, 1, 55 мин, 1, R-17, 7.72, Хорошо, 2, 28
Баскетбол Куроко 2: Спецвыпуски, Спешл, 9, 2 мин, 1, PG-13, 7.71, Хорошо, 0, 21
Макросс Плюс, OVA, 4, 39 мин, 1, R-17, 7.71, Хорошо, 8, 9
Макросс Плюс, Фильм, 1, 1 час 55 мин, 1, R+, 7.71, Хорошо, 3, 19
Мастер Китон OVA, OVA, 15, 24 мин, 1, R-17, 7.71, Хорошо, 3, 13
Новая игра! 2, TV Сериал, 12, 24 мин, 1, PG-13, 7.71, Хорошо, 17, 99
Может я встречу тебя в подземелье? 4, TV Сериал, 11, 23 мин, 1, R-17, 7.71, Хорошо, 24, 1021
Покемон XY&amp;Z, TV Сериал, 47, 23 мин, 1, PG, 7.71, Хорошо, 1, 77
Психопаспорт. Фильм, Фильм, 1, 1 час 53 мин, 1, R-17, 7.71, Хорошо, 36, 427
Яйцо ангела, OVA, 1, 1 час 11 мин, 1, PG-13, 7.71, Хорошо, 29, 153
Токийские мстители: Рождественская битва, TV Сериал, 13, 23 мин, 1, R-17, 7.71, Хорошо, 12, 555
Могучая Бёрди 2, TV Сериал, 12, 23 мин, 1, R-17, 7.71, Хорошо, 5, 16
Красноволосая принцесса Белоснежка OVA, OVA, 1, 24 мин, 1, PG-13, 7.71, Хорошо, 3, 51
Игра друзей, TV Сериал, 12, 22 мин, 1, R-17, 7.71, Хорошо, 38, 824
Тигр и кролик 2: Восхождение, Фильм, 1, 1 час 40 мин, 1, PG-13, 7.71, Хорошо, 0, 32
Ура мечте! Лайв, Фильм, 1, 1 час 12 мин, 1, PG-13, 7.71, Хорошо, 0, 25
Ура мечте! Фильм: Эпизод о Розелии — I, Фильм, 1, 1 час 17 мин, 1, PG-13, 7.71, Хорошо, 0, 21
Красавица-воин Сейлор Мун Эр, TV Сериал, 43, 24 мин, 1, PG-13, 7.71, Хорошо, 7, 24
Красавица-воин Сейлор Мун Эр: Опасные цветы, Фильм, 1, 1 час 1 мин, 1, PG-13, 7.71, Хорошо, 3, 10
Лунное путешествие приведёт к новому миру, TV Сериал, 12, 23 мин, 1, PG-13, 7.71, Хорошо, 31, 427
Космический линкор Ямато 2199: Звёздный ковчег, Фильм, 1, 1 час 51 мин, 1, PG-13, 7.71, Хорошо, 1, 55
Чудачества любви не помеха!, TV Сериал, 12, 24 мин, 1, PG-13, 7.71, Хорошо, 98, 541
Дайкон, Спешл, 2, 5 мин, 1, PG, 7.71, Хорошо, 2, 22
Детектив Конан: Одиннадцатый нападающий, Фильм, 1, 1 час 50 мин, 1, G, 7.71, Хорошо, 1, 3
Непутёвый ученик в школе магии: Воспоминания, Спешл, 1, 1 час 11 мин, 1, PG-13, 7.71, Хорошо, 4, 87
Пламенная бригада пожарных, TV Сериал, 24, 23 мин, 1, PG-13, 7.71, Хорошо, 62, 1274
Ежемесячное сёдзё Нодзаки: Дополнительные эпизоды, Спешл, 6, 3 мин, 1, PG-13, 7.71, Хорошо, 1, 38
Девушки и танки OVA, OVA, 1, 38 мин, 1, PG-13, 7.71, Хорошо, 4, 31
Волейбол!! Прибытие Льва Хайбы, OVA, 1, 24 мин, 1, PG-13, 7.71, Хорошо, 2, 23
Семёрка идолов, TV Сериал, 17, 24 мин, 1, PG-13, 7.71, Хорошо, 15, 192
Невероятное приключение ДжоДжо: Призрачная кровь, Фильм, 1, 1 час 30 мин, 1, R-17, 7.71, Хорошо, 0, 131
Бездельные дни старшеклассницы, TV Сериал, 12, 24 мин, 1, PG-13, 7.71, Хорошо, 19, 128
Чистая романтика OVA, OVA, 2, 22 мин, 1, PG-13, 7.71, Хорошо, 0, 19
Берсерк: Золотой век I — Бехерит властителя, Фильм, 1, 1 час 16 мин, 1, R+, 7.7, Хорошо, 15, 67
Ди Грэй-мен: Святые, TV Сериал, 13, 24 мин, 1, R-17, 7.7, Хорошо, 33, 705
Тетрадь смерти: Перезапись, Спешл, 2, 1 час 52 мин, 1, R-17, 7.7, Хорошо, 10, 110
Бронированные воины Вотомы, TV Сериал, 52, 25 мин, 1, R+, 7.7, Хорошо, 6, 174
Школьная форма Акэби, TV Сериал, 12, 23 мин, 1, PG-13, 7.7, Хорошо, 18, 582
Цветущая юность, TV Сериал, 39, 24 мин, 1, PG-13, 7.7, Хорошо, 24, 76
Озорная Такаги, TV Сериал, 12, 23 мин, 1, PG-13, 7.7, Хорошо, 35, 286
Маленькие проказники! EX, Спешл, 1, 24 мин, 1, PG-13, 7.7, Хорошо, 9, 141
Внук Нурарихёна OVA, OVA, 2, 23 мин, 1, R+, 7.7, Хорошо, 2, 15
Ванпанчмен: Путь к становлению героем, OVA, 1, 24 мин, 1, R-17, 7.7, Хорошо, 4, 45
Кулинарные скитания в параллельном мире, TV Сериал, 12, 23 мин, 1, PG-13, 7.7, Хорошо, 22, 457
Длинноногий папочка, TV Сериал, 40, 23 мин, 1, G, 7.7, Хорошо, 9, 10
Лилии на ветру OVA, OVA, 1, 31 мин, 1, PG-13, 7.69, Хорошо, 0, 64
Герой Юна Юки: История Суми Вашио, TV Сериал, 6, 24 мин, 1, PG-13, 7.69, Хорошо, 2, 34
Нет лекарства для моего брата! 3, TV Сериал, 12, 3 мин, 1, PG-13, 7.69, Хорошо, 2, 68
Классические истории, TV Сериал, 12, 23 мин, 1, R-17, 7.69, Хорошо, 47, 329
Дурни тесты аватары 2, TV Сериал, 13, 24 мин, 1, PG-13, 7.69, Хорошо, 17, 112
Бродяга Кэнсин: Специальная концовка, Спешл, 1, 2 мин, 1, G, 7.69, Хорошо, 1, 41
Члены школьного совета 2, TV Сериал, 13, 23 мин, 1, R-17, 7.69, Хорошо, 13, 182
Твоя апрельская ложь: Моменты, OVA, 1, 23 мин, 1, PG-13, 7.69, Хорошо, 4, 46
Врата: Там бьются наши воины, TV Сериал, 12, 23 мин, 1, R-17, 7.69, Хорошо, 63, 1312
Мобильный воин Гандам: Дубль-вэ, TV Сериал, 49, 24 мин, 1, PG-13, 7.69, Хорошо, 6, 45
Инадзума 11, TV Сериал, 127, 24 мин, 1, G, 7.69, Хорошо, 4, 34
Сержант Кэроро, TV Сериал, 358, 23 мин, 1, PG-13, 7.69, Хорошо, 0, 9
Кабанэри железной крепости 3: Битва за Унато, Фильм, 1, 1 час 22 мин, 1, R-17, 7.69, Хорошо, 15, 110
Принцесса-шпионка, TV Сериал, 12, 25 мин, 1, R-17, 7.69, Хорошо, 27, 188
Убей или умри: Спецвыпуски, Спешл, 2, 18 мин, 1, R-17, 7.68, Хорошо, 5, 94
Путешествие Кино: Прекрасный мир — Для тебя, Фильм, 1, 28 мин, 1, R-17, 7.68, Хорошо, 4, 34
Баскетбол Куроко 3: Спецвыпуски, Спешл, 9, 2 мин, 1, PG-13, 7.68, Хорошо, 0, 28
Хорошенькое лекарство: Простирающиеся небеса!, TV Сериал, 16, 24 мин, 0, G, 7.68, Хорошо, 0, 201
Комета в Долине Муми-троллей, Фильм, 1, 1 час 12 мин, 1, G, 7.68, Хорошо, 0, 6
Наруто: Ураганные хроники 6 — Путь ниндзя, Фильм, 1, 1 час 49 мин, 1, PG-13, 7.68, Хорошо, 17, 114
Нищебог же!, TV Сериал, 13, 23 мин, 1, PG-13, 7.68, Хорошо, 26, 208
Сломанный меч 6: Цитадель скорби, Фильм, 1, 52 мин, 1, R-17, 7.68, Хорошо, 5, 43
Корзинка фруктов, TV Сериал, 26, 24 мин, 1, PG-13, 7.68, Хорошо, 23, 82
Хакумэй и Микоти, TV Сериал, 12, 23 мин, 1, PG-13, 7.68, Хорошо, 9, 86
Клубничный зефир: на бис!, OVA, 2, 27 мин, 1, PG-13, 7.68, Хорошо, 0, 23
Она и её кот: Всё меняется, TV Сериал, 4, 7 мин, 1, G, 7.68, Хорошо, 43, 189
Реальная девушка 2, TV Сериал, 12, 22 мин, 1, PG-13, 7.67, Хорошо, 37, 114
АККА: Инспекция по 13 округам, TV Сериал, 12, 24 мин, 1, PG-13, 7.67, Хорошо, 63, 340
Класс убийц 2: Дополнительный урок, ONA, 8, 5 мин, 1, PG-13, 7.67, Хорошо, 4, 47
Ария, TV Сериал, 13, 24 мин, 1, G, 7.67, Хорошо, 18, 311
Все мы живём в общежитии Кавай, TV Сериал, 12, 24 мин, 1, PG-13, 7.67, Хорошо, 46, 225
Звёздный флаг, TV Сериал, 13, 25 мин, 1, PG-13, 7.67, Хорошо, 5, 9
Милый дом Чи, TV Сериал, 104, 3 мин, 1, G, 7.67, Хорошо, 4, 36
Морская невеста, TV Сериал, 26, 24 мин, 1, PG-13, 7.67, Хорошо, 22, 100
Детектив Конан: Частный сыщик в далёком море, Фильм, 1, 1 час 50 мин, 1, G, 7.67, Хорошо, 2, 1
Детектив Конан: Тёмно-алое любовное письмо, Фильм, 1, 1 час 51 мин, 1, PG-13, 7.67, Хорошо, 0, 13
Белый ящик. Фильм, Фильм, 1, 2 час, 1, PG-13, 7.67, Хорошо, 6, 82
Видение Эскафлона, TV Сериал, 26, 24 мин, 1, PG-13, 7.67, Хорошо, 11, 89
Некий научный Рейлган, TV Сериал, 24, 24 мин, 1, PG-13, 7.67, Хорошо, 20, 234
Клубничный зефир OVA, OVA, 3, 25 мин, 1, PG-13, 7.67, Хорошо, 0, 10
Герой Юна Юки: История героя, TV Сериал, 6, 24 мин, 1, PG-13, 7.67, Хорошо, 3, 48
Ура мечте! Девушки из группы 3, ONA, 26, 3 мин, 1, PG-13, 7.67, Хорошо, 0, 9
Инуяся: Замок в зазеркалье, Фильм, 1, 1 час 39 мин, 1, PG-13, 7.67, Хорошо, 1, 3
Магическая битва PV, ONA, 3, 1 мин, 1, G, 7.67, Хорошо, 0, 14
Скрытые вещи. Фильм, Фильм, 1, 1 час 18 мин, 1, PG-13, 7.67, Хорошо, 2, 43
Вольный стиль! Последний гребок 2, Фильм, 1, 1 час 45 мин, 1, PG-13, 7.67, Хорошо, 0, 69
Полиция будущего, TV Сериал, 47, 24 мин, 1, PG-13, 7.67, Хорошо, 5, 38
Макросс Фронтир: Декультурное издание, Спешл, 1, 27 мин, 1, PG-13, 7.67, Хорошо, 0, 2
Кафе из другого мира 2, TV Сериал, 12, 23 мин, 1, PG-13, 7.67, Хорошо, 8, 131
Агент паранойи, TV Сериал, 13, 24 мин, 1, R+, 7.67, Хорошо, 57, 241
Семь смертных грехов, TV Сериал, 24, 24 мин, 1, PG-13, 7.67, Хорошо, 93, 1027
Маленькая принцесса Сара, TV Сериал, 46, 25 мин, 1, G, 7.67, Хорошо, 1, 53
Мобильный воин Гандам: Ответный удар Чара, Фильм, 1, 1 час 59 мин, 1, PG-13, 7.66, Хорошо, 4, 57
Ты и я, TV Сериал, 13, 24 мин, 1, PG-13, 7.66, Хорошо, 21, 97
Баскетбол Куроко: Спецвыпуски, Спешл, 9, 4 мин, 1, PG-13, 7.66, Хорошо, 2, 31
Отвязная троица 2, TV Сериал, 8, 24 мин, 1, PG-13, 7.66, Хорошо, 1, 12
Повелитель: Тёмный воитель, Фильм, 1, 1 час 33 мин, 1, R-17, 7.66, Хорошо, 1, 116
Сердца Пандоры, TV Сериал, 25, 24 мин, 1, PG-13, 7.66, Хорошо, 68, 440
Сказание об Арслане, TV Сериал, 25, 24 мин, 1, R-17, 7.66, Хорошо, 31, 705
Великий из бродячих псов: Путешествие в одиночку, OVA, 1, 23 мин, 1, PG-13, 7.66, Хорошо, 1, 66
Внеземной малыш, TV Сериал, 78, 25 мин, 1, G, 7.66, Хорошо, 1, 22
Настоящий Мазингер Зет, TV Сериал, 26, 23 мин, 1, R-17, 7.66, Хорошо, 1, 30
Остров Джованни, Фильм, 1, 1 час 42 мин, 1, PG-13, 7.66, Хорошо, 9, 101
Баки — сын Великана, ONA, 12, 24 мин, 1, R-17, 7.66, Хорошо, 11, 96
Космические приключения Кобры, TV Сериал, 31, 24 мин, 1, R+, 7.66, Хорошо, 3, 20
Радости рыбалки, TV Сериал, 12, 23 мин, 1, PG-13, 7.66, Хорошо, 13, 40
Клуб стрельбы из лука, TV Сериал, 13, 24 мин, 1, PG-13, 7.66, Хорошо, 35, 416
Работа!!, TV Сериал, 13, 24 мин, 1, PG-13, 7.65, Хорошо, 30, 133
Трусливый велосипедист: Новое поколение, TV Сериал, 25, 23 мин, 1, PG-13, 7.65, Хорошо, 8, 75
Городская дьяволица, TV Сериал, 12, 24 мин, 1, PG-13, 7.65, Хорошо, 22, 109
Судьба/Великий приказ: В манге всё яснее!, Спешл, 1, 14 мин, 1, PG-13, 7.65, Хорошо, 0, 41
Сёстры Минами, TV Сериал, 13, 24 мин, 1, PG-13, 7.65, Хорошо, 10, 31
Сёстры Минами: Снова дома, TV Сериал, 13, 24 мин, 1, PG-13, 7.65, Хорошо, 6, 26
Заводной дух войны: Альдерамин в небе, TV Сериал, 13, 23 мин, 1, R-17, 7.65, Хорошо, 23, 334
Агрессивная Рэцуко ONA, ONA, 10, 15 мин, 1, PG-13, 7.65, Хорошо, 5, 24
Ночная буря, Фильм, 1, 1 час 47 мин, 1, G, 7.65, Хорошо, 2, 18
КсамД: Позабывший невзгоды, ONA, 26, 24 мин, 1, PG-13, 7.65, Хорошо, 28, 287
Сакура — собирательница карт: Прозрачные карты, TV Сериал, 22, 25 мин, 1, PG, 7.65, Хорошо, 10, 251
Код Гиас: Восставший Лелуш — Восстание, Фильм, 1, 2 часа 12 мин, 1, R-17, 7.65, Хорошо, 4, 220
Д — значит диджей, TV Сериал, 13, 23 мин, 1, PG-13, 7.65, Хорошо, 7, 103
Скитальцы: Специальное издание, OVA, 1, 41 мин, 1, R-17, 7.65, Хорошо, 6, 35
Хвост Феи (2014), TV Сериал, 102, 24 мин, 1, PG-13, 7.65, Хорошо, 44, 1696
Звёздный флаг 3, OVA, 2, 37 мин, 1, PG-13, 7.65, Хорошо, 4, 21
Гримгал пепла и иллюзий, TV Сериал, 12, 24 мин, 1, R-17, 7.65, Хорошо, 124, 1264
Инициал Ди: Боевая стадия 2, OVA, 1, 1 час 20 мин, 1, PG-13, 7.65, Хорошо, 0, 6
Неудержимая юность, TV Сериал, 12, 23 мин, 1, PG-13, 7.64, Хорошо, 64, 321
Все мы живём в общежитии Кавай: Первое время, Спешл, 1, 23 мин, 1, PG-13, 7.64, Хорошо, 0, 28
Звёздный герб, TV Сериал, 13, 26 мин, 1, PG-13, 7.64, Хорошо, 9, 57
Евангелион 3.33: Ты (не) исправишь, Фильм, 1, 1 час 35 мин, 1, PG-13, 7.64, Хорошо, 43, 574
Война горничных Акибы, TV Сериал, 12, 23 мин, 1, R-17, 7.64, Хорошо, 33, 1107
Рыцари Сидонии, TV Сериал, 12, 25 мин, 1, R+, 7.64, Хорошо, 24, 707
Хлопушка-раскладушка, TV Сериал, 13, 23 мин, 1, PG-13, 7.64, Хорошо, 25, 153
Вольный стиль! Вечное соревнование — Обещание, Фильм, 1, 1 час 37 мин, 1, PG-13, 7.64, Хорошо, 0, 20
Приоритет чудо-яйца, TV Сериал, 12, 23 мин, 1, R-17, 7.64, Хорошо, 67, 2461
Школа Элис, TV Сериал, 26, 25 мин, 1, G, 7.64, Хорошо, 2, 58
Дораэмон (2005), TV Сериал, 529, 25 мин, 0, PG, 7.64, Хорошо, 1, 26
Божества Идатэн в мирном поколении, TV Сериал, 11, 22 мин, 1, R-17, 7.64, Хорошо, 20, 945
Морская школа. Фильм, Фильм, 1, 1 час 43 мин, 1, PG-13, 7.64, Хорошо, 4, 84
Инуясики, TV Сериал, 11, 22 мин, 1, R-17, 7.64, Хорошо, 130, 741
Проект Кей: Пропавшие Короли, Фильм, 1, 1 час 13 мин, 1, PG-13, 7.64, Хорошо, 13, 214
О моём перерождении в слизь: Алые узы, Фильм, 1, 1 час 48 мин, 1, PG-13, 7.63, Хорошо, 10, 253
Манящие горы: Следующая вершина, TV Сериал, 12, 24 мин, 1, PG-13, 7.63, Хорошо, 2, 66
Истории Коёми, ONA, 12, 14 мин, 1, R-17, 7.63, Хорошо, 14, 307
По ту сторону границы: Рассвет, Спешл, 1, 23 мин, 1, PG-13, 7.63, Хорошо, 5, 18
Профессор Лейтон и Дива Вечности, Фильм, 1, 1 час 39 мин, 1, PG, 7.63, Хорошо, 1, 4
Люпен III, TV Сериал, 23, 25 мин, 1, PG-13, 7.63, Хорошо, 6, 50
Дева Мария смотрит за вами: Весна, TV Сериал, 13, 24 мин, 1, PG-13, 7.63, Хорошо, 7, 2
Рояль в лесу, Фильм, 1, 1 час 40 мин, 1, G, 7.63, Хорошо, 8, 38
Прочти или умри, OVA, 3, 33 мин, 1, PG-13, 7.63, Хорошо, 4, 8
Сакура — собирательница карт: Фильм, Фильм, 1, 1 час 21 мин, 1, PG, 7.63, Хорошо, 0, 4
Вольный стиль! Спецвыпуски, Спешл, 7, 2 мин, 1, PG-13, 7.63, Хорошо, 2, 36
Гэнсикэн, TV Сериал, 12, 25 мин, 1, PG-13, 7.63, Хорошо, 14, 57
Чайная «Рокуходо», TV Сериал, 12, 23 мин, 1, PG-13, 7.63, Хорошо, 9, 38
Гэнсикэн OVA, OVA, 3, 24 мин, 1, PG-13, 7.63, Хорошо, 3, 7
Служащий x Служба, TV Сериал, 13, 23 мин, 1, PG-13, 7.63, Хорошо, 17, 80
Клубничный зефир, TV Сериал, 12, 24 мин, 1, PG-13, 7.63, Хорошо, 11, 60
Юная революционерка Утэна: Конец света юности, Фильм, 1, 1 час 25 мин, 1, R+, 7.63, Хорошо, 12, 30
Чистая романтика 3, TV Сериал, 12, 24 мин, 1, PG-13, 7.63, Хорошо, 10, 284
Прославленный, TV Сериал, 26, 23 мин, 1, R-17, 7.63, Хорошо, 10, 69
Тамаюра: Заключительная глава — Знаки, Фильм, 1, 52 мин, 1, G, 7.62, Хорошо, 0, 8
Почтовая пчела, TV Сериал, 25, 20 мин, 1, PG-13, 7.62, Хорошо, 4, 72
Императорская наложница, ONA, 16, 20 мин, 1, PG-13, 7.62, Хорошо, 30, 203
Дайбастер: Дотянись до неба! 2, OVA, 6, 30 мин, 1, R+, 7.62, Хорошо, 17, 130
Семья певцов фон Трапп, TV Сериал, 40, 23 мин, 1, G, 7.62, Хорошо, 1, 12
Белый альбом 2, TV Сериал, 13, 23 мин, 1, PG-13, 7.62, Хорошо, 68, 613
Так говорил Рохан Кишибэ, OVA, 4, 23 мин, 1, R-17, 7.62, Хорошо, 11, 313
Живая любовь! Сияние!! Над радугой, Фильм, 1, 1 час 40 мин, 1, PG-13, 7.62, Хорошо, 6, 174
Лиричная волшебница Наноха: Искатели, TV Сериал, 26, 25 мин, 1, PG-13, 7.62, Хорошо, 4, 5
Волшебный круг Гуру-Гуру, TV Сериал, 45, 23 мин, 1, G, 7.62, Хорошо, 1, 4
Идолмастер: Девушки-золушки — U149, TV Сериал, 7, 24 мин, 0, PG-13, 7.62, Хорошо, 0, 47
Орендж, TV Сериал, 13, 24 мин, 1, PG-13, 7.62, Хорошо, 104, 478
Последний Серафим: Битва в Нагое, TV Сериал, 12, 23 мин, 1, R-17, 7.62, Хорошо, 40, 471
Персона 3: Мечта летнего рыцаря, Фильм, 1, 1 час 38 мин, 1, R-17, 7.62, Хорошо, 2, 39
Ложнококон, ONA, 1, 3 мин, 1, PG-13, 7.62, Хорошо, 3, 63
Кровь+, TV Сериал, 50, 24 мин, 1, R-17, 7.62, Хорошо, 34, 155
Наше, TV Сериал, 24, 23 мин, 1, R-17, 7.62, Хорошо, 26, 182
Путь аса 2 OVA, OVA, 2, 24 мин, 1, PG-13, 7.62, Хорошо, 0, 12
Эмма: Викторианская романтика, TV Сериал, 12, 25 мин, 1, G, 7.62, Хорошо, 11, 17
Вольный стиль! Вечное лето, TV Сериал, 13, 23 мин, 1, PG-13, 7.62, Хорошо, 19, 427
Таинственная игра, TV Сериал, 52, 23 мин, 1, PG-13, 7.62, Хорошо, 13, 52
Магия и мускулы, TV Сериал, 6, 23 мин, 0, PG-13, 7.61, Хорошо, 3, 387
Отступница Габриэль: Спецвыпуски, Спешл, 2, 15 мин, 1, PG-13, 7.62, Хорошо, 9, 46
Сводники духов: Лисьи свахи — Красная Луна, ONA, 13, 14 мин, 1, R-17, 7.62, Хорошо, 0, 0
Адская девочка: Три пути, TV Сериал, 26, 24 мин, 1, R-17, 7.62, Хорошо, 17, 26
Мой сэмпай раздражает!, TV Сериал, 12, 23 мин, 1, PG-13, 7.62, Хорошо, 27, 496
Ярость Бахамута: Генезис, TV Сериал, 12, 24 мин, 1, R-17, 7.62, Хорошо, 46, 682
Блич: Глава из Ада, Фильм, 1, 1 час 34 мин, 1, PG-13, 7.61, Хорошо, 3, 39
Малышка Маруко-тян, TV Сериал, 142, 24 мин, 1, G, 7.61, Хорошо, 0, 13
Стальная тревога!, TV Сериал, 24, 24 мин, 1, R-17, 7.61, Хорошо, 34, 225
Хеллсинг: Обзор для фриков, OVA, 1, 28 мин, 1, R-17, 7.61, Хорошо, 0, 12
Здесь и сейчас, TV Сериал, 13, 24 мин, 1, R-17, 7.61, Хорошо, 29, 104
Тэнти — лишний! Рё-о-ки, OVA, 6, 29 мин, 1, R+, 7.61, Хорошо, 5, 20
Манускрипт ниндзя, Фильм, 1, 1 час 31 мин, 1, R+, 7.61, Хорошо, 21, 42
Идолмастер, TV Сериал, 25, 24 мин, 1, PG-13, 7.61, Хорошо, 12, 131
Воспоминания одного пилота, Фильм, 1, 1 час 39 мин, 1, PG-13, 7.61, Хорошо, 27, 53
Мобильный воин Гандам: Единорог — RE:0096, TV Сериал, 22, 23 мин, 1, PG-13, 7.61, Хорошо, 1, 33
Оседлав волну с тобой, Фильм, 1, 1 час 35 мин, 1, PG-13, 7.61, Хорошо, 23, 147
Повелитель: Бессмертный король, Фильм, 1, 1 час 42 мин, 1, R-17, 7.61, Хорошо, 2, 274
Школа-тюрьма, TV Сериал, 12, 24 мин, 1, R+, 7.61, Хорошо, 87, 1622
Фронт кровавой блокады, TV Сериал, 12, 26 мин, 1, R-17, 7.6, Хорошо, 76, 729
Заградители, TV Сериал, 52, 24 мин, 1, PG-13, 7.6, Хорошо, 5, 25
Путешествие Кино: Прекрасный мир, TV Сериал, 12, 23 мин, 1, R-17, 7.6, Хорошо, 43, 277
Баскетбол Куроко: Не делай так больше, Спешл, 1, 24 мин, 1, PG-13, 7.6, Хорошо, 1, 24
Мастер Китон, TV Сериал, 24, 23 мин, 1, R-17, 7.6, Хорошо, 5, 50
Осомацу-сан 2, TV Сериал, 25, 23 мин, 1, R-17, 7.6, Хорошо, 4, 76
Персона 3: Падение, Фильм, 1, 1 час 27 мин, 1, R-17, 7.6, Хорошо, 2, 15
Звёзды Айкацу!, TV Сериал, 100, 24 мин, 1, PG, 7.6, Хорошо, 5, 30
Акудама Драйв, TV Сериал, 12, 24 мин, 1, R-17, 7.6, Хорошо, 79, 1598
Песня боевых принцесс: Мехасимфония 4, TV Сериал, 13, 23 мин, 1, PG-13, 7.6, Хорошо, 3, 51
Вольный стиль! Заплыв в будущее, TV Сериал, 12, 23 мин, 1, PG-13, 7.6, Хорошо, 7, 147
С его стороны — с её стороны, TV Сериал, 26, 24 мин, 1, PG-13, 7.6, Хорошо, 24, 182
Мир по-прежнему красив, TV Сериал, 12, 22 мин, 1, PG-13, 7.6, Хорошо, 61, 372
Здравствуй Энн! Что было до Зелёных Крыш, TV Сериал, 39, 20 мин, 1, G, 7.59, Хорошо, 3, 9
Нейро Ногами — Детектив из Ада, TV Сериал, 25, 23 мин, 1, R-17, 7.59, Хорошо, 19, 82
Фермерская жизнь в ином мире, TV Сериал, 12, 23 мин, 1, PG-13, 7.59, Хорошо, 25, 519
Семь смертных грехов 2, TV Сериал, 24, 24 мин, 1, PG-13, 7.59, Хорошо, 40, 611
Ранма 1/2: Специальные эпизоды, OVA, 2, 30 мин, 1, PG-13, 7.59, Хорошо, 0, 2
Давайте сыграем: Спецвыпуски, Спешл, 2, 6 мин, 1, PG-13, 7.59, Хорошо, 2, 18
Мастер кулинарии, TV Сериал, 52, 23 мин, 1, PG-13, 7.59, Хорошо, 2, 15
Путь аса OVA, OVA, 3, 23 мин, 1, PG-13, 7.59, Хорошо, 0, 0
Пожиратели духов: Зеро, TV Сериал, 12, 23 мин, 1, R-17, 7.59, Хорошо, 23, 59
Ромео и Джульетта, TV Сериал, 24, 24 мин, 1, PG-13, 7.59, Хорошо, 16, 84
Небо где встретились звёзды, TV Сериал, 12, 24 мин, 1, PG-13, 7.59, Хорошо, 25, 309
Блудный сын: Спецвыпуски, Спешл, 2, 23 мин, 1, PG-13, 7.59, Хорошо, 0, 8
Новый принц тенниса OVA, OVA, 10, 24 мин, 1, PG-13, 7.59, Хорошо, 3, 38
Нелюдь 2, TV Сериал, 13, 24 мин, 1, R-17, 7.58, Хорошо, 28, 405
Неудержимая юность OVA, OVA, 2, 21 мин, 1, PG-13, 7.58, Хорошо, 1, 33
Синий экзорцист. Фильм, Фильм, 1, 1 час 28 мин, 1, PG-13, 7.58, Хорошо, 11, 82
Ура мечте! 2, TV Сериал, 13, 24 мин, 1, PG-13, 7.58, Хорошо, 6, 74
Чёрный Джек, TV Сериал, 61, 25 мин, 1, PG-13, 7.58, Хорошо, 4, 36
Улыбайся на подиуме, TV Сериал, 12, 24 мин, 1, PG-13, 7.58, Хорошо, 21, 248
Моя геройская академия: Миссия мировых героев, Фильм, 1, 1 час 44 мин, 1, PG-13, 7.58, Хорошо, 15, 156
Пять сантиметров в секунду, Фильм, 3, 22 мин, 1, PG-13, 7.58, Хорошо, 133, 759
Штурмовые ведьмы. Фильм, Фильм, 1, 1 час 37 мин, 1, PG-13, 7.58, Хорошо, 6, 30
Код Гиас: Восставший Лелуш — Тёмное восстание, OVA, 1, 1 час 57 мин, 1, R-17, 7.58, Хорошо, 2, 9
Мастера Меча Онлайн: Алисизация — Война в Подмирье, TV Сериал, 12, 23 мин, 1, R-17, 7.58, Хорошо, 45, 1578
Некогда вечный 6: Некогда вечный, Фильм, 1, 48 мин, 1, PG-13, 7.58, Хорошо, 11, 30
Хроника крыльев 2, TV Сериал, 26, 25 мин, 1, PG-13, 7.58, Хорошо, 3, 13
Космические братья: Эпизод 0, Фильм, 1, 1 час 35 мин, 1, PG-13, 7.58, Хорошо, 3, 19
Судьба/Великий приказ: Камелот — Паладин, Фильм, 1, 1 час 36 мин, 1, PG-13, 7.58, Хорошо, 3, 187
Вольный стиль! Вечное соревнование — Узы, Фильм, 1, 1 час 34 мин, 1, PG-13, 7.58, Хорошо, 0, 47
Трусливый велосипедист: Линия славы, TV Сериал, 25, 23 мин, 1, PG-13, 7.58, Хорошо, 5, 60
Угрюмый заклинатель духов 2, TV Сериал, 13, 23 мин, 1, PG-13, 7.58, Хорошо, 6, 70
Великолепный кондитер 2, TV Сериал, 13, 24 мин, 1, G, 7.58, Хорошо, 5, 11
Агентство по возврату утраченного, TV Сериал, 49, 24 мин, 1, PG-13, 7.58, Хорошо, 7, 24
Граница пустоты 1: Вид с высоты, Фильм, 1, 50 мин, 1, R-17, 7.58, Хорошо, 46, 458
Живая любовь! Сияние!! 2, TV Сериал, 13, 23 мин, 1, PG-13, 7.58, Хорошо, 7, 153
Письмо для Момо, Фильм, 1, 2 час, 1, G, 7.58, Хорошо, 16, 20
Нэчжа: Рождение дьявола, Фильм, 1, 1 час 50 мин, 1, PG, 7.58, Хорошо, 3, 69
Вечная воля 2, ONA, 46, 22 мин, 0, PG-13, 7.58, Хорошо, 0, 265
Радиан 2, TV Сериал, 21, 24 мин, 1, PG-13, 7.58, Хорошо, 6, 135
Макросс Дельта: Абсолютное выступление!, Фильм, 1, 1 час 49 мин, 1, PG-13, 7.57, Хорошо, 2, 66
Новая игра!, TV Сериал, 12, 24 мин, 1, PG-13, 7.57, Хорошо, 24, 193
Ноэйн, TV Сериал, 24, 25 мин, 1, PG-13, 7.57, Хорошо, 5, 25
ORESUKI. Да как меня можешь любить только ты? OVA, OVA, 1, 1 час 10 мин, 1, PG-13, 7.57, Хорошо, 11, 128
Тайная жизнь пингвинов, Фильм, 1, 1 час 58 мин, 1, PG, 7.57, Хорошо, 27, 133
Покемон (2023), TV Сериал, 7, 24 мин, 0, PG, 7.57, Хорошо, 0, 94
Дурни тесты аватары: Фестиваль, OVA, 2, 29 мин, 1, PG-13, 7.57, Хорошо, 0, 11
Ура мечте! Морфонизация, Спешл, 2, 23 мин, 1, PG-13, 7.57, Хорошо, 0, 8
Дораэмон: Нобита и взвод железных солдат, Фильм, 1, 1 час 40 мин, 1, PG, 7.57, Хорошо, 0, 2
Дэаймон, TV Сериал, 12, 24 мин, 1, PG-13, 7.57, Хорошо, 10, 178
Драгон Квест: Приключения Дая, TV Сериал, 46, 24 мин, 1, G, 7.57, Хорошо, 2, 12
Хвост Феи, TV Сериал, 175, 24 мин, 1, PG-13, 7.57, Хорошо, 101, 2744
Сказание о демонах сакуры: Записи голубой крови, TV Сериал, 10, 24 мин, 1, R-17, 7.57, Хорошо, 4, 47
Восточный Эдем: Фильм второй — Потерянный рай, Фильм, 1, 1 час 32 мин, 1, PG-13, 7.57, Хорошо, 13, 38
Эпоха смут: Последняя вечеринка, Фильм, 1, 1 час 33 мин, 1, PG-13, 7.57, Хорошо, 0, 1
Хроники Валькирии, TV Сериал, 26, 24 мин, 1, PG-13, 7.57, Хорошо, 27, 112
Восточный Эдем, Фильм, 1, 2 часа 3 мин, 1, PG-13, 7.57, Хорошо, 1, 12
Инициал Ди: Боевая стадия, OVA, 1, 52 мин, 1, G, 7.57, Хорошо, 0, 7
Сёва-Гэнроку: Двойное самоубийство по ракуго OVA, OVA, 2, 39 мин, 1, PG-13, 7.57, Хорошо, 2, 17
Тада не может влюбиться, TV Сериал, 13, 23 мин, 1, PG-13, 7.57, Хорошо, 44, 234
Госпожа Кагуя: в любви как на войне OVA, OVA, 1, 24 мин, 1, PG-13, 7.57, Хорошо, 10, 239
Сказания Весперии: Первый удар, Фильм, 1, 1 час 50 мин, 1, PG-13, 7.57, Хорошо, 7, 25
Признания, TV Сериал, 12, 12 мин, 1, PG-13, 7.57, Хорошо, 61, 225
Усио и Тора, TV Сериал, 26, 24 мин, 1, PG-13, 7.57, Хорошо, 10, 980
Явись Азазель! OVA, OVA, 4, 21 мин, 1, R+, 7.57, Хорошо, 1, 14
Трусливый велосипедист. Фильм, Фильм, 1, 1 час 29 мин, 1, PG-13, 7.57, Хорошо, 1, 21
Лилии на ветру, TV Сериал, 12, 23 мин, 1, PG-13, 7.57, Хорошо, 21, 573
Тамаюра: Ещё решительнее, TV Сериал, 12, 24 мин, 1, G, 7.56, Хорошо, 1, 16
Драконий жемчуг: Супер — Супергерой, Фильм, 1, 1 час 39 мин, 1, PG-13, 7.56, Хорошо, 2, 96
Прославленный: Спецвыпуски, Спешл, 6, 11 мин, 1, PG-13, 7.56, Хорошо, 0, 9
Манящие горы 2, TV Сериал, 24, 13 мин, 1, PG-13, 7.56, Хорошо, 2, 45
Лагерь на свежем воздухе: Спецвыпуски, Спешл, 3, 8 мин, 1, PG-13, 7.56, Хорошо, 0, 31
Путешествие Кино: Прекрасный мир — Страна башни, Спешл, 1, 14 мин, 1, PG-13, 7.56, Хорошо, 3, 6
Кабанэри железной крепости 2: Сгорающая жизнь, Фильм, 1, 1 час 43 мин, 1, R-17, 7.56, Хорошо, 0, 27
Волшебный учитель Нэгима! Загробный мир, OVA, 4, 29 мин, 1, PG-13, 7.56, Хорошо, 0, 4
Шестая зона, TV Сериал, 11, 23 мин, 1, R-17, 7.56, Хорошо, 67, 316
Планетарианка: Мечта одинокой звёздочки, ONA, 5, 18 мин, 1, PG-13, 7.56, Хорошо, 28, 312
О моём перерождении в меч, TV Сериал, 12, 23 мин, 1, PG-13, 7.56, Хорошо, 31, 817
Ангельские ритмы! Спецвыпуски, Спешл, 2, 27 мин, 1, PG-13, 7.56, Хорошо, 4, 79
Кубо не прощает меня — моба, TV Сериал, 7, 24 мин, 0, PG-13, 7.56, Хорошо, 3, 418
Под мостом над Аракавой, TV Сериал, 13, 24 мин, 1, PG-13, 7.56, Хорошо, 36, 147
Моя геройская академия: Два героя, Фильм, 1, 1 час 36 мин, 1, PG-13, 7.56, Хорошо, 21, 336
Детектив Конан: Тёмная история, Спешл, 1, 24 мин, 1, PG-13, 7.56, Хорошо, 0, 3
Дюрарара!! 2: Финал — Дюфуфуфу!!, Спешл, 1, 23 мин, 1, R-17, 7.56, Хорошо, 0, 73
Вольный стиль! Заплыв в будущее — Эпизод 0, Спешл, 1, 23 мин, 1, PG-13, 7.56, Хорошо, 0, 6
Загугли это Коккури-сан!, TV Сериал, 12, 24 мин, 1, PG-13, 7.56, Хорошо, 20, 246
Клетки за работой, TV Сериал, 13, 23 мин, 1, PG-13, 7.56, Хорошо, 62, 375
Покемон: Стремление стать мастером покемонов, TV Сериал, 11, 24 мин, 1, PG, 7.56, Хорошо, 0, 40
Инуяся: Любовь превозмогающая время, Фильм, 1, 1 час 39 мин, 1, PG-13, 7.56, Хорошо, 2, 7
Пламенный взор Шаны II, TV Сериал, 24, 24 мин, 1, PG-13, 7.56, Хорошо, 6, 35
Проект Кей: Возвращение Королей, TV Сериал, 13, 24 мин, 1, PG-13, 7.56, Хорошо, 27, 380
Мастера Меча Онлайн: Порядковый ранг, Фильм, 1, 1 час 59 мин, 1, R+, 7.56, Хорошо, 106, 1419
Мастера Меча Онлайн: Алисизация, TV Сериал, 24, 24 мин, 1, R-17, 7.56, Хорошо, 107, 3921
Моя богиня!, Фильм, 1, 1 час 46 мин, 1, PG-13, 7.55, Хорошо, 1, 6
Деми-тян хочет рассказать, TV Сериал, 12, 23 мин, 1, PG-13, 7.55, Хорошо, 27, 241
Дораэмон: Приключение в магическом мире (2007), Фильм, 1, 1 час 52 мин, 1, PG, 7.55, Хорошо, 0, 1
Расколотая битвой синева небес: Спецвыпуски, ONA, 2, 25 мин, 1, PG-13, 7.55, Хорошо, 0, 12
Может я встречу тебя в подземелье?, TV Сериал, 13, 24 мин, 1, PG-13, 7.55, Хорошо, 101, 913
Гаро: Божественное пламя, Фильм, 1, 1 час 18 мин, 1, R+, 7.55, Хорошо, 0, 79
Бродяга Кэнсин: Реквием патриотов, Фильм, 1, 1 час 31 мин, 1, R-17, 7.55, Хорошо, 3, 12
Путешествие на Запад, TV Сериал, 50, 23 мин, 1, R-17, 7.55, Хорошо, 7, 14
Блестящий пост, TV Сериал, 12, 22 мин, 1, PG-13, 7.55, Хорошо, 4, 71
Я — Сакамото а что?, TV Сериал, 12, 24 мин, 1, PG-13, 7.55, Хорошо, 76, 454
Империя Альтаир, TV Сериал, 24, 24 мин, 1, PG-13, 7.55, Хорошо, 21, 111
Восточный Эдем: Фильм первый — Король Эдема, Фильм, 1, 1 час 22 мин, 1, PG-13, 7.55, Хорошо, 1, 22
Голодное сердце: Дикий бомбардир, TV Сериал, 52, 23 мин, 1, PG-13, 7.55, Хорошо, 3, 14
Инуяся: Пламя острова Хорай, Фильм, 1, 1 час 27 мин, 1, PG-13, 7.55, Хорошо, 0, 9
Девочка из Чужеземья, OVA, 1, 10 мин, 1, G, 7.55, Хорошо, 4, 74
Таинственная грабительница Сент-Тэйл, TV Сериал, 43, 22 мин, 1, G, 7.55, Хорошо, 2, 14
Граница пустоты: Компиляция — Врата седьмого неба, Фильм, 1, 1 час 1 мин, 1, R-17, 7.55, Хорошо, 11, 16
Полиция будущего, Фильм, 1, 1 час 39 мин, 1, PG-13, 7.55, Хорошо, 5, 49
Путь домохозяина 2, ONA, 5, 17 мин, 1, PG-13, 7.55, Хорошо, 3, 54
Кабанэри железной крепости 1: Собирая свет, Фильм, 1, 1 час 47 мин, 1, R-17, 7.55, Хорошо, 0, 85
Путешествие Элейны, TV Сериал, 12, 24 мин, 1, R-17, 7.55, Хорошо, 49, 1653
Сёстры Минами 3, TV Сериал, 13, 24 мин, 1, PG-13, 7.55, Хорошо, 4, 10
Время битв, TV Сериал, 26, 23 мин, 1, PG-13, 7.55, Хорошо, 3, 18
Полноценная жизнь онлайн, TV Сериал, 10, 23 мин, 1, PG-13, 7.55, Хорошо, 83, 273
Нодамэ Кантабиле OVA 2, OVA, 1, 11 мин, 1, PG-13, 7.55, Хорошо, 2, 16
Онгаку: Наш звук, Фильм, 1, 1 час 11 мин, 1, PG-13, 7.55, Хорошо, 6, 35
Прекрасный ритм: Радужная жизнь, TV Сериал, 51, 21 мин, 1, PG, 7.55, Хорошо, 2, 12
Возрождающие, TV Сериал, 22, 24 мин, 1, R-17, 7.55, Хорошо, 96, 820
Переворот военного движения 3, ONA, 12, 25 мин, 1, PG-13, 7.54, Хорошо, 0, 22
Полиция будущего (1990), OVA, 16, 25 мин, 1, PG-13, 7.54, Хорошо, 4, 14
Мобильный воин Гандам 00: Специальное издание, OVA, 3, 1 час 39 мин, 1, PG-13, 7.54, Хорошо, 0, 4
Златовласый Гаш Белл, TV Сериал, 150, 23 мин, 1, PG-13, 7.54, Хорошо, 5, 34
Баскетбол Куроко: Дураки не могут выиграть!, OVA, 1, 23 мин, 1, PG-13, 7.54, Хорошо, 0, 30
Чистый звук, TV Сериал, 12, 24 мин, 1, PG-13, 7.54, Хорошо, 16, 187
Концерт Нобунаги, TV Сериал, 10, 22 мин, 1, PG-13, 7.54, Хорошо, 15, 96
Персона 3: Новое начало, Фильм, 1, 1 час 38 мин, 1, R-17, 7.54, Хорошо, 10, 53
Повесть о конце света 2, ONA, 10, 24 мин, 0, R-17, 7.55, Хорошо, 6, 200
Баки 2, ONA, 13, 24 мин, 1, R-17, 7.54, Хорошо, 14, 117
Красавица-воин Сейлор Мун: Вечность, Фильм, 1, 1 час 21 мин, 1, PG-13, 7.54, Хорошо, 0, 95
Пощади меня великий господин!, ONA, 12, 25 мин, 1, PG-13, 7.54, Хорошо, 15, 150
Темнее чёрного: Чёрный контрактор, Спешл, 1, 23 мин, 1, R-17, 7.54, Хорошо, 0, 61
Хвост Феи: Плач дракона, Фильм, 1, 1 час 24 мин, 1, PG-13, 7.54, Хорошо, 26, 355
Вынос гигантов, TV Сериал, 26, 24 мин, 1, PG-13, 7.54, Хорошо, 9, 43
Новый принц тенниса, TV Сериал, 13, 23 мин, 1, PG-13, 7.54, Хорошо, 3, 4
Атака титанов 3: Спецвыпуски, Спешл, 7, 2 мин, 1, G, 7.54, Хорошо, 1, 38
Звуки небес, TV Сериал, 12, 24 мин, 1, PG-13, 7.54, Хорошо, 16, 208
Я и мой слуга из секретной службы: Спецвыпуск, Спешл, 1, 24 мин, 1, PG-13, 7.54, Хорошо, 0, 33
Вы арестованы!, TV Сериал, 47, 24 мин, 1, PG-13, 7.54, Хорошо, 11, 45
Репетитор-киллер Реборн! Спецвыпуск, ONA, 1, 26 мин, 1, PG-13, 7.54, Хорошо, 0, 7
Судьба/Великий приказ: Реклама, Спешл, 27, , 0, PG-13, 7.54, Хорошо, 0, 81
Путь домохозяина. Часть 2, ONA, 5, 18 мин, 1, PG-13, 7.54, Хорошо, 2, 61
Мой сосед Сэки, TV Сериал, 21, 7 мин, 1, G, 7.54, Хорошо, 15, 136
Космический патруль Лулуко, TV Сериал, 13, 7 мин, 1, PG-13, 7.54, Хорошо, 11, 109
Ан-го: Эпизод 0, Фильм, 1, 48 мин, 1, R-17, 7.54, Хорошо, 4, 16
Прославленный: Маска истины, TV Сериал, 28, 24 мин, 1, PG-13, 7.54, Хорошо, 3, 645
Явись Азазель! Z, TV Сериал, 13, 12 мин, 1, R-17, 7.54, Хорошо, 5, 38
Большой О, TV Сериал, 26, 24 мин, 1, PG-13, 7.53, Хорошо, 13, 147
Любовные неприятности: Тьма 2 OVA, OVA, 3, 22 мин, 1, R+, 7.53, Хорошо, 1, 91
Индекс волшебства II, TV Сериал, 24, 23 мин, 1, R-17, 7.53, Хорошо, 22, 257
Некогда вечный 4: Преступления несбыточной мечты, Фильм, 1, 48 мин, 1, PG-13, 7.53, Хорошо, 2, 3
Ангел спустился ко мне! Дорогие друзья, Фильм, 1, 1 час 6 мин, 1, PG-13, 7.53, Хорошо, 0, 64
Герой Юна Юки: История Суми Вашио — Друг, Фильм, 1, 48 мин, 1, PG-13, 7.53, Хорошо, 0, 3
Друзья-зверушки, TV Сериал, 12, 24 мин, 1, PG, 7.53, Хорошо, 15, 117
Капризы Апельсиновой улицы, TV Сериал, 48, 25 мин, 1, PG-13, 7.53, Хорошо, 14, 115
Дело ведёт юный детектив Киндаити: Возвращение, TV Сериал, 25, 24 мин, 1, R-17, 7.53, Хорошо, 2, 15
Девочка из Чужеземья OVA, OVA, 1, 1 час 10 мин, 1, PG-13, 7.53, Хорошо, 3, 61
Ван-Пис: Путешествие в один конец, Фильм, 1, 1 час 35 мин, 1, PG-13, 7.53, Хорошо, 4, 14
История Перрин, TV Сериал, 53, 25 мин, 1, G, 7.53, Хорошо, 0, 6
Принцесса-шпионка: Укротитель короны, Фильм, 1, 53 мин, 1, R-17, 7.53, Хорошо, 5, 70
Прочти или умри, TV Сериал, 26, 25 мин, 1, PG-13, 7.53, Хорошо, 0, 7
Дуэт и вспышка молнии, TV Сериал, 12, 24 мин, 1, PG-13, 7.53, Хорошо, 21, 245
Бэк-флип!!, TV Сериал, 12, 22 мин, 1, PG-13, 7.53, Хорошо, 4, 71
Лукизм, ONA, 8, 24 мин, 1, PG-13, 7.53, Хорошо, 9, 220
Чёрный Джек 21, TV Сериал, 17, 24 мин, 1, PG-13, 7.53, Хорошо, 2, 5
Облачный смех: Гайдэн 2, Фильм, 1, 1 ча, 1, PG-13, 7.53, Хорошо, 0, 9
Скитальцы OVA, OVA, 2, 26 мин, 1, R-17, 7.53, Хорошо, 1, 32
Дюрарара!! 2: Продолжение — В ритме влюблённых, Спешл, 1, 24 мин, 1, R-17, 7.53, Хорошо, 1, 26
Богатый детектив. Баланс: Неограничен, TV Сериал, 11, 23 мин, 1, PG-13, 7.53, Хорошо, 40, 763
Клетки за работой: Тёмная сторона, TV Сериал, 13, 23 мин, 1, PG-13, 7.53, Хорошо, 19, 269
Досье лорда Эль-Меллоя II — Спецвыпуск, Спешл, 1, 52 мин, 1, R-17, 7.52, Хорошо, 3, 53
Ленточка Химэ, TV Сериал, 61, 24 мин, 1, PG, 7.53, Хорошо, 2, 11
Звуки небес: Спецвыпуски, Спешл, 2, 24 мин, 1, PG-13, 7.53, Хорошо, 0, 26
Друзья на неделю, TV Сериал, 12, 23 мин, 1, PG-13, 7.53, Хорошо, 37, 238
Повар небесной гостиницы, TV Сериал, 26, 23 мин, 1, PG-13, 7.53, Хорошо, 30, 142
Хорошенькое лекарство: Мерцание звёзд, TV Сериал, 49, 24 мин, 1, G, 7.53, Хорошо, 1, 32
Давайте сыграем OVA, OVA, 1, 13 мин, 1, PG-13, 7.52, Хорошо, 1, 23
Легенда о легендарных героях, TV Сериал, 24, 24 мин, 1, R-17, 7.52, Хорошо, 46, 282
Драконий жемчуг Кай: Спецвыпуск, Спешл, 1, 23 мин, 1, PG-13, 7.52, Хорошо, 1, 3
Фантастические дети, TV Сериал, 26, 24 мин, 1, PG-13, 7.52, Хорошо, 6, 25
Дракон и принцесса с веснушками, Фильм, 1, 2 часа 2 мин, 1, PG-13, 7.52, Хорошо, 35, 218
Стальной алхимик: Завоеватель Шамбалы, Фильм, 1, 1 час 44 мин, 1, R-17, 7.52, Хорошо, 25, 72
Птичье крыло: История гольфисток, TV Сериал, 13, 23 мин, 1, PG-13, 7.52, Хорошо, 12, 131
Надя с загадочного моря, TV Сериал, 39, 25 мин, 1, PG-13, 7.52, Хорошо, 11, 48
Слэм-данк: Фильм 2, Фильм, 1, 45 мин, 1, PG-13, 7.52, Хорошо, 0, 9
Торико, TV Сериал, 147, 23 мин, 1, PG-13, 7.52, Хорошо, 9, 115
Девушки и танки, TV Сериал, 12, 24 мин, 1, PG-13, 7.52, Хорошо, 31, 499
Хроника крыльев, TV Сериал, 26, 25 мин, 1, PG-13, 7.52, Хорошо, 8, 107
Голго-13, TV Сериал, 50, 24 мин, 1, R+, 7.52, Хорошо, 11, 39
Волейбол!! 3 OVA, OVA, 1, 23 мин, 1, PG-13, 7.52, Хорошо, 0, 21
Боевой дворецкий Хаятэ!, TV Сериал, 52, 24 мин, 1, PG-13, 7.52, Хорошо, 13, 398
Улица демонов, ONA, 24, 14 мин, 1, PG-13, 7.52, Хорошо, 33, 82
Ловцы забытых голосов, Фильм, 1, 1 час 56 мин, 1, PG-13, 7.52, Хорошо, 38, 81
Вперёд! Школьная секция пинг-понга, TV Сериал, 26, 24 мин, 1, R+, 7.52, Хорошо, 2, 65
Из завтрашнего дня разноцветного мира, TV Сериал, 13, 24 мин, 1, PG-13, 7.52, Хорошо, 87, 289
Озорная Такаги: Водные горки, OVA, 1, 23 мин, 1, PG-13, 7.52, Хорошо, 2, 24
Не издевайся Нагаторо: Вторая атака, TV Сериал, 12, 23 мин, 1, PG-13, 7.52, Хорошо, 16, 800
Тёмный дворецкий: Спецвыпуск, Спешл, 1, 26 мин, 1, PG-13, 7.52, Хорошо, 2, 20
Я в тебе не сомневаюсь, ONA, 24, 14 мин, 1, PG-13, 7.52, Хорошо, 2, 40
Тигр и кролик 2. Часть 2, ONA, 12, 24 мин, 1, PG-13, 7.52, Хорошо, 2, 25
Метрополис, Фильм, 1, 1 час 49 мин, 1, PG-13, 7.52, Хорошо, 18, 36
Вояджер, ONA, 1, 8 мин, 1, G, 7.51, Хорошо, 0, 3
Золотая мозаика: Миленькие дни, Фильм, 1, 50 мин, 1, PG-13, 7.51, Хорошо, 3, 8
Рыцари магии II, TV Сериал, 29, 24 мин, 1, PG-13, 7.51, Хорошо, 0, 6
Лиричная волшебница Наноха 4: Детонация, Фильм, 1, 1 час 51 мин, 1, PG-13, 7.51, Хорошо, 0, 44
Грехи Кассяна, TV Сериал, 24, 24 мин, 1, R-17, 7.51, Хорошо, 22, 203
Дефрагментация!, TV Сериал, 12, 24 мин, 1, PG-13, 7.51, Хорошо, 28, 202
Электромагнитная подружка, OVA, 2, 42 мин, 1, R-17, 7.51, Хорошо, 43, 159
Эпоха смут 2, TV Сериал, 12, 24 мин, 1, PG-13, 7.51, Хорошо, 0, 4
Пламенный взор Шаны III, TV Сериал, 24, 23 мин, 1, PG-13, 7.51, Хорошо, 23, 69
Судьба/Девочка-волшебница Иллия 3, TV Сериал, 12, 24 мин, 1, PG-13, 7.51, Хорошо, 7, 182
Полёт ведьмы, TV Сериал, 12, 23 мин, 1, PG-13, 7.51, Хорошо, 36, 297
Акватоп белого песка, TV Сериал, 24, 23 мин, 1, PG-13, 7.51, Хорошо, 9, 602
Привет Леди Лин!, TV Сериал, 36, 24 мин, 1, G, 7.51, Хорошо, 0, 3
Спецкласс А, TV Сериал, 24, 24 мин, 1, PG-13, 7.51, Хорошо, 33, 130
Явись Азазель!, TV Сериал, 13, 12 мин, 1, R-17, 7.51, Хорошо, 15, 51
